id,district_id,station_id,case_id,crime_type,lat,lng,timestamp,mo_text
INC-00001,KA-BLR-URB,KA-BLR-URB-ST06,,chain_snatching,13.018286,77.531818,2025-12-19T02:45:00,"Snatched near residential lane, suspect fled on foot."
INC-00002,KA-BLR-URB,KA-BLR-URB-ST05,CASE-00044,robbery,13.093029,77.528764,2026-04-13T10:45:00,"Suspect(s) threatened victim near main market, cash/valuables taken."
INC-00003,KA-BLR-URB,KA-BLR-URB-ST06,CASE-00045,vehicle_theft,12.968635,77.603831,2025-11-16T13:00:00,"Vehicle taken from highway stretch, no forced entry signs."
INC-00004,KA-BLR-URB,KA-BLR-URB-ST03,CASE-00027,chain_snatching,12.906659,77.566047,2025-10-29T09:30:00,"Snatched near ATM kiosk, suspect fled on foot."
INC-00005,KA-BLR-URB,KA-BLR-URB-ST02,CASE-00038,robbery,12.999277,77.629423,2025-12-29T02:45:00,"Suspect(s) threatened victim near highway stretch, cash/valuables taken."
INC-00006,KA-BLR-URB,KA-BLR-URB-ST03,CASE-00023,cybercrime,13.005225,77.591986,2026-05-24T08:00:00,Victim reported unauthorized transaction linked to residential lane IP.
INC-00007,KA-BLR-URB,KA-BLR-URB-ST04,CASE-00025,burglary,12.924538,77.571756,2026-02-06T14:30:00,"Forced entry via ATM kiosk, valuables removed, occupants absent."
INC-00008,KA-BLR-URB,KA-BLR-URB-ST06,,chain_snatching,12.969305,77.518977,2026-03-01T00:45:00,"Snatched near main market, suspect fled on foot."
INC-00009,KA-BLR-URB,KA-BLR-URB-ST03,,burglary,12.94358,77.537163,2026-01-26T19:30:00,"Forced entry via highway stretch, valuables removed, occupants absent."
INC-00010,KA-BLR-URB,KA-BLR-URB-ST06,CASE-00029,vehicle_theft,13.008878,77.602531,2025-12-10T20:00:00,"Vehicle taken from highway stretch, no forced entry signs."
INC-00011,KA-BLR-URB,KA-BLR-URB-ST02,CASE-00051,vehicle_theft,12.868158,77.568451,2025-11-16T09:30:00,"Vehicle taken from ATM kiosk, no forced entry signs."
INC-00012,KA-BLR-URB,KA-BLR-URB-ST05,,chain_snatching,12.961132,77.611392,2026-06-14T08:15:00,"Snatched near ATM kiosk, suspect fled on foot."
INC-00013,KA-BLR-URB,KA-BLR-URB-ST01,,robbery,13.02102,77.598933,2025-12-12T07:45:00,"Suspect(s) threatened victim near residential lane, cash/valuables taken."
INC-00014,KA-BLR-URB,KA-BLR-URB-ST04,CASE-00015,robbery,12.916881,77.604513,2026-04-07T21:30:00,"Suspect(s) threatened victim near ATM kiosk, cash/valuables taken."
INC-00015,KA-BLR-URB,KA-BLR-URB-ST05,,vehicle_theft,12.958402,77.633394,2026-03-17T19:15:00,"Vehicle taken from main market, no forced entry signs."
INC-00016,KA-BLR-URB,KA-BLR-URB-ST02,CASE-00035,cybercrime,13.000547,77.627712,2025-10-24T01:30:00,Victim reported unauthorized transaction linked to main market IP.
INC-00017,KA-BLR-URB,KA-BLR-URB-ST06,,cybercrime,12.900882,77.531737,2026-05-03T18:15:00,Victim reported unauthorized transaction linked to highway stretch IP.
INC-00018,KA-BLR-URB,KA-BLR-URB-ST03,,burglary,12.982857,77.580173,2025-10-17T22:30:00,"Forced entry via ATM kiosk, valuables removed, occupants absent."
INC-00019,KA-BLR-URB,KA-BLR-URB-ST06,CASE-00008,theft,13.042389,77.571112,2026-04-07T17:30:00,"Item stolen from ATM kiosk during afternoon, no witnesses reported."
INC-00020,KA-BLR-URB,KA-BLR-URB-ST01,,theft,12.977842,77.568218,2026-01-17T20:00:00,"Item stolen from residential lane during late night, no witnesses reported."
INC-00021,KA-BLR-URB,KA-BLR-URB-ST05,,burglary,12.945051,77.576317,2026-01-15T18:15:00,"Forced entry via residential lane, valuables removed, occupants absent."
INC-00022,KA-BLR-URB,KA-BLR-URB-ST02,CASE-00023,burglary,12.97893,77.566038,2025-12-06T17:30:00,"Forced entry via main market, valuables removed, occupants absent."
INC-00023,KA-BLR-URB,KA-BLR-URB-ST03,CASE-00048,theft,13.011792,77.611562,2025-10-09T05:30:00,"Item stolen from bus stand during peak evening hours, no witnesses reported."
INC-00024,KA-BLR-URB,KA-BLR-URB-ST03,,cybercrime,13.038966,77.613423,2026-06-20T18:00:00,Victim reported unauthorized transaction linked to parking lot IP.
INC-00025,KA-BLR-URB,KA-BLR-URB-ST06,,vehicle_theft,12.995802,77.560072,2026-06-24T09:45:00,"Vehicle taken from main market, no forced entry signs."
INC-00026,KA-BLR-URB,KA-BLR-URB-ST01,,theft,13.000987,77.607467,2026-06-09T22:45:00,"Item stolen from main market during afternoon, no witnesses reported."
INC-00027,KA-BLR-URB,KA-BLR-URB-ST06,CASE-00045,cybercrime,13.015498,77.633015,2026-03-16T12:30:00,Victim reported unauthorized transaction linked to parking lot IP.
INC-00028,KA-BLR-URB,KA-BLR-URB-ST05,,burglary,12.919567,77.633042,2026-01-19T13:45:00,"Forced entry via ATM kiosk, valuables removed, occupants absent."
INC-00029,KA-BLR-URB,KA-BLR-URB-ST03,CASE-00054,chain_snatching,13.008163,77.616336,2026-05-07T10:30:00,"Snatched near bus stand, suspect fled on foot."
INC-00030,KA-BLR-URB,KA-BLR-URB-ST06,,robbery,12.902688,77.637843,2026-04-09T04:00:00,"Suspect(s) threatened victim near parking lot, cash/valuables taken."
INC-00031,KA-BLR-URB,KA-BLR-URB-ST04,CASE-00031,chain_snatching,12.974685,77.613494,2025-10-27T09:30:00,"Snatched near main market, suspect fled on foot."
INC-00032,KA-BLR-URB,KA-BLR-URB-ST05,,robbery,13.044546,77.582833,2026-04-07T03:30:00,"Suspect(s) threatened victim near bus stand, cash/valuables taken."
INC-00033,KA-BLR-URB,KA-BLR-URB-ST05,,theft,12.958397,77.628578,2025-10-14T19:30:00,"Item stolen from bus stand during afternoon, no witnesses reported."
INC-00034,KA-BLR-URB,KA-BLR-URB-ST01,CASE-00034,theft,12.980671,77.635342,2026-01-01T04:45:00,"Item stolen from bus stand during early morning, no witnesses reported."
INC-00035,KA-BLR-URB,KA-BLR-URB-ST03,,vehicle_theft,13.009076,77.650179,2025-12-20T11:30:00,"Vehicle taken from residential lane, no forced entry signs."
INC-00036,KA-BLR-URB,KA-BLR-URB-ST01,,vehicle_theft,12.947681,77.608912,2025-11-11T08:45:00,"Vehicle taken from ATM kiosk, no forced entry signs."
INC-00037,KA-BLR-URB,KA-BLR-URB-ST05,CASE-00020,theft,13.010096,77.605894,2025-11-28T11:45:00,"Item stolen from residential lane during peak evening hours, no witnesses reported."
INC-00038,KA-BLR-URB,KA-BLR-URB-ST05,,chain_snatching,12.966639,77.614206,2025-10-29T00:15:00,"Snatched near bus stand, suspect fled on foot."
INC-00039,KA-BLR-URB,KA-BLR-URB-ST04,CASE-00054,cybercrime,12.95318,77.562046,2026-05-09T05:15:00,Victim reported unauthorized transaction linked to parking lot IP.
INC-00040,KA-BLR-URB,KA-BLR-URB-ST04,CASE-00037,cybercrime,12.924417,77.626916,2025-10-22T13:00:00,Victim reported unauthorized transaction linked to main market IP.
INC-00041,KA-BLR-URB,KA-BLR-URB-ST03,,chain_snatching,12.986645,77.586301,2025-11-28T12:00:00,"Snatched near bus stand, suspect fled on foot."
INC-00042,KA-BLR-URB,KA-BLR-URB-ST01,,robbery,12.970854,77.566298,2026-02-02T13:45:00,"Suspect(s) threatened victim near main market, cash/valuables taken."
INC-00043,KA-BLR-URB,KA-BLR-URB-ST02,,robbery,12.933899,77.646922,2025-11-09T16:00:00,"Suspect(s) threatened victim near parking lot, cash/valuables taken."
INC-00044,KA-BLR-URB,KA-BLR-URB-ST06,CASE-00010,burglary,12.975346,77.536323,2025-12-15T07:00:00,"Forced entry via residential lane, valuables removed, occupants absent."
INC-00045,KA-BLR-URB,KA-BLR-URB-ST02,,vehicle_theft,12.955646,77.578195,2026-06-10T14:45:00,"Vehicle taken from parking lot, no forced entry signs."
INC-00046,KA-BLR-URB,KA-BLR-URB-ST01,CASE-00005,chain_snatching,12.955347,77.635344,2026-05-29T14:30:00,"Snatched near parking lot, suspect fled on foot."
INC-00047,KA-BLR-URB,KA-BLR-URB-ST01,CASE-00036,vehicle_theft,13.034462,77.576007,2026-04-07T09:00:00,"Vehicle taken from main market, no forced entry signs."
INC-00048,KA-BLR-URB,KA-BLR-URB-ST01,CASE-00004,chain_snatching,12.902088,77.616933,2026-05-19T18:15:00,"Snatched near parking lot, suspect fled on foot."
INC-00049,KA-BLR-URB,KA-BLR-URB-ST03,,theft,12.917349,77.586333,2025-11-13T16:15:00,"Item stolen from bus stand during peak evening hours, no witnesses reported."
INC-00050,KA-BLR-URB,KA-BLR-URB-ST03,,cybercrime,12.962717,77.582799,2026-04-09T09:45:00,Victim reported unauthorized transaction linked to residential lane IP.
INC-00051,KA-BLR-URB,KA-BLR-URB-ST01,CASE-00038,vehicle_theft,12.925531,77.51823,2026-04-16T09:30:00,"Vehicle taken from highway stretch, no forced entry signs."
INC-00052,KA-BLR-URB,KA-BLR-URB-ST03,,chain_snatching,12.961699,77.613026,2026-04-19T04:00:00,"Snatched near parking lot, suspect fled on foot."
INC-00053,KA-BLR-URB,KA-BLR-URB-ST06,CASE-00012,robbery,13.006471,77.583552,2026-06-27T02:45:00,"Suspect(s) threatened victim near residential lane, cash/valuables taken."
INC-00054,KA-BLR-URB,KA-BLR-URB-ST04,,burglary,13.026862,77.635359,2026-01-07T07:15:00,"Forced entry via main market, valuables removed, occupants absent."
INC-00055,KA-BLR-URB,KA-BLR-URB-ST06,CASE-00012,robbery,13.005199,77.534689,2026-06-27T01:30:00,"Suspect(s) threatened victim near bus stand, cash/valuables taken."
INC-00056,KA-BLR-URB,KA-BLR-URB-ST02,,chain_snatching,12.920263,77.551806,2026-05-13T01:45:00,"Snatched near highway stretch, suspect fled on foot."
INC-00057,KA-BLR-URB,KA-BLR-URB-ST04,CASE-00037,chain_snatching,13.015904,77.590255,2026-01-28T17:15:00,"Snatched near ATM kiosk, suspect fled on foot."
INC-00058,KA-BLR-URB,KA-BLR-URB-ST03,,burglary,13.014946,77.609343,2026-04-14T16:45:00,"Forced entry via bus stand, valuables removed, occupants absent."
INC-00059,KA-BLR-URB,KA-BLR-URB-ST03,CASE-00058,chain_snatching,12.896433,77.588279,2025-11-22T22:00:00,"Snatched near main market, suspect fled on foot."
INC-00060,KA-BLR-URB,KA-BLR-URB-ST01,CASE-00024,theft,12.98312,77.723176,2026-01-22T14:30:00,"Item stolen from ATM kiosk during early morning, no witnesses reported."
INC-00061,KA-BLR-URB,KA-BLR-URB-ST03,,theft,12.992946,77.619625,2026-01-23T00:30:00,"Item stolen from highway stretch during afternoon, no witnesses reported."
INC-00062,KA-BLR-URB,KA-BLR-URB-ST04,,cybercrime,12.999282,77.597921,2025-12-11T22:45:00,Victim reported unauthorized transaction linked to parking lot IP.
INC-00063,KA-BLR-URB,KA-BLR-URB-ST02,CASE-00016,chain_snatching,12.909339,77.628917,2026-06-28T13:00:00,"Snatched near bus stand, suspect fled on foot."
INC-00064,KA-BLR-URB,KA-BLR-URB-ST04,,robbery,12.914857,77.565667,2025-11-02T03:45:00,"Suspect(s) threatened victim near parking lot, cash/valuables taken."
INC-00065,KA-BLR-URB,KA-BLR-URB-ST03,CASE-00043,burglary,13.06473,77.650163,2026-05-08T00:30:00,"Forced entry via parking lot, valuables removed, occupants absent."
INC-00066,KA-BLR-URB,KA-BLR-URB-ST01,,cybercrime,13.00198,77.590963,2026-06-27T17:00:00,Victim reported unauthorized transaction linked to ATM kiosk IP.
INC-00067,KA-BLR-URB,KA-BLR-URB-ST01,,burglary,12.968257,77.558789,2026-04-01T02:30:00,"Forced entry via highway stretch, valuables removed, occupants absent."
INC-00068,KA-BLR-URB,KA-BLR-URB-ST01,,vehicle_theft,12.946454,77.598013,2026-03-30T17:30:00,"Vehicle taken from bus stand, no forced entry signs."
INC-00069,KA-BLR-URB,KA-BLR-URB-ST02,CASE-00013,theft,12.997844,77.571693,2025-11-02T22:45:00,"Item stolen from residential lane during late night, no witnesses reported."
INC-00070,KA-BLR-URB,KA-BLR-URB-ST03,CASE-00056,chain_snatching,12.987038,77.515932,2026-06-21T12:45:00,"Snatched near main market, suspect fled on foot."
INC-00071,KA-BLR-URB,KA-BLR-URB-ST03,,cybercrime,12.889921,77.665123,2026-02-17T03:30:00,Victim reported unauthorized transaction linked to ATM kiosk IP.
INC-00072,KA-BLR-URB,KA-BLR-URB-ST04,CASE-00039,theft,12.996823,77.593823,2026-06-12T11:30:00,"Item stolen from highway stretch during peak evening hours, no witnesses reported."
INC-00073,KA-BLR-URB,KA-BLR-URB-ST03,CASE-00039,chain_snatching,12.966726,77.570944,2026-03-14T03:00:00,"Snatched near highway stretch, suspect fled on foot."
INC-00074,KA-BLR-URB,KA-BLR-URB-ST04,CASE-00051,vehicle_theft,12.98656,77.58952,2026-03-29T14:00:00,"Vehicle taken from residential lane, no forced entry signs."
INC-00075,KA-BLR-URB,KA-BLR-URB-ST06,CASE-00005,theft,12.97666,77.651958,2026-04-26T11:15:00,"Item stolen from bus stand during peak evening hours, no witnesses reported."
INC-00076,KA-BLR-URB,KA-BLR-URB-ST03,,robbery,12.924508,77.643493,2026-04-15T18:00:00,"Suspect(s) threatened victim near bus stand, cash/valuables taken."
INC-00077,KA-BLR-URB,KA-BLR-URB-ST05,CASE-00008,cybercrime,12.996926,77.59876,2025-12-10T16:30:00,Victim reported unauthorized transaction linked to residential lane IP.
INC-00078,KA-BLR-URB,KA-BLR-URB-ST05,CASE-00040,chain_snatching,12.951841,77.681514,2026-04-17T17:00:00,"Snatched near residential lane, suspect fled on foot."
INC-00079,KA-BLR-URB,KA-BLR-URB-ST04,,theft,12.955462,77.600397,2026-01-11T03:15:00,"Item stolen from ATM kiosk during late night, no witnesses reported."
INC-00080,KA-BLR-URB,KA-BLR-URB-ST06,,vehicle_theft,13.009123,77.543873,2026-03-13T21:30:00,"Vehicle taken from main market, no forced entry signs."
INC-00081,KA-BLR-URB,KA-BLR-URB-ST06,CASE-00032,theft,13.021741,77.602957,2025-12-29T11:15:00,"Item stolen from bus stand during late night, no witnesses reported."
INC-00082,KA-BLR-URB,KA-BLR-URB-ST03,CASE-00046,robbery,12.962105,77.546676,2026-05-28T17:15:00,"Suspect(s) threatened victim near main market, cash/valuables taken."
INC-00083,KA-BLR-URB,KA-BLR-URB-ST04,CASE-00034,vehicle_theft,12.925693,77.662596,2025-11-07T04:30:00,"Vehicle taken from main market, no forced entry signs."
INC-00084,KA-BLR-URB,KA-BLR-URB-ST05,CASE-00020,robbery,12.989639,77.624952,2026-01-02T04:45:00,"Suspect(s) threatened victim near main market, cash/valuables taken."
INC-00085,KA-BLR-URB,KA-BLR-URB-ST06,,theft,12.95196,77.588104,2026-01-24T11:30:00,"Item stolen from residential lane during late night, no witnesses reported."
INC-00086,KA-BLR-URB,KA-BLR-URB-ST03,CASE-00040,robbery,12.961595,77.540996,2025-11-17T16:15:00,"Suspect(s) threatened victim near parking lot, cash/valuables taken."
INC-00087,KA-BLR-URB,KA-BLR-URB-ST05,,theft,12.976016,77.55331,2025-10-22T00:00:00,"Item stolen from highway stretch during afternoon, no witnesses reported."
INC-00088,KA-BLR-URB,KA-BLR-URB-ST06,CASE-00052,vehicle_theft,12.95825,77.563755,2025-10-16T15:30:00,"Vehicle taken from residential lane, no forced entry signs."
INC-00089,KA-BLR-URB,KA-BLR-URB-ST01,CASE-00039,cybercrime,13.020871,77.657034,2025-10-31T05:45:00,Victim reported unauthorized transaction linked to ATM kiosk IP.
INC-00090,KA-BLR-URB,KA-BLR-URB-ST03,CASE-00030,chain_snatching,13.002986,77.625024,2026-03-26T12:15:00,"Snatched near parking lot, suspect fled on foot."
INC-00091,KA-BLR-URB,KA-BLR-URB-ST02,CASE-00056,cybercrime,13.031523,77.552379,2025-11-19T01:30:00,Victim reported unauthorized transaction linked to parking lot IP.
INC-00092,KA-BLR-URB,KA-BLR-URB-ST05,CASE-00020,cybercrime,12.954225,77.594887,2026-03-10T06:15:00,Victim reported unauthorized transaction linked to parking lot IP.
INC-00093,KA-BLR-URB,KA-BLR-URB-ST04,CASE-00019,burglary,12.888891,77.597254,2026-06-16T14:15:00,"Forced entry via parking lot, valuables removed, occupants absent."
INC-00094,KA-BLR-URB,KA-BLR-URB-ST06,,theft,12.962028,77.527317,2026-05-29T09:00:00,"Item stolen from ATM kiosk during late night, no witnesses reported."
INC-00095,KA-BLR-URB,KA-BLR-URB-ST03,CASE-00019,robbery,13.014018,77.615722,2025-10-24T12:00:00,"Suspect(s) threatened victim near parking lot, cash/valuables taken."
INC-00096,KA-BLR-URB,KA-BLR-URB-ST05,CASE-00022,burglary,12.935931,77.581037,2026-02-21T19:00:00,"Forced entry via main market, valuables removed, occupants absent."
INC-00097,KA-BLR-URB,KA-BLR-URB-ST02,CASE-00046,robbery,12.94901,77.633894,2026-01-10T19:45:00,"Suspect(s) threatened victim near main market, cash/valuables taken."
INC-00098,KA-BLR-URB,KA-BLR-URB-ST04,CASE-00040,chain_snatching,12.969338,77.560944,2025-12-16T19:15:00,"Snatched near parking lot, suspect fled on foot."
INC-00099,KA-BLR-URB,KA-BLR-URB-ST03,CASE-00002,vehicle_theft,12.931066,77.638667,2026-06-17T16:45:00,"Vehicle taken from parking lot, no forced entry signs."
INC-00100,KA-BLR-URB,KA-BLR-URB-ST04,,robbery,12.985807,77.526865,2026-03-07T23:00:00,"Suspect(s) threatened victim near ATM kiosk, cash/valuables taken."
INC-00101,KA-BLR-URB,KA-BLR-URB-ST05,CASE-00047,robbery,12.915578,77.542167,2026-01-25T23:00:00,"Suspect(s) threatened victim near ATM kiosk, cash/valuables taken."
INC-00102,KA-BLR-URB,KA-BLR-URB-ST02,CASE-00010,burglary,12.948528,77.608647,2026-02-02T01:00:00,"Forced entry via main market, valuables removed, occupants absent."
INC-00103,KA-BLR-URB,KA-BLR-URB-ST05,CASE-00043,vehicle_theft,12.933057,77.59987,2026-05-30T23:00:00,"Vehicle taken from bus stand, no forced entry signs."
INC-00104,KA-BLR-URB,KA-BLR-URB-ST02,,robbery,12.98228,77.622737,2026-05-24T17:30:00,"Suspect(s) threatened victim near residential lane, cash/valuables taken."
INC-00105,KA-BLR-URB,KA-BLR-URB-ST05,,chain_snatching,12.925978,77.597757,2026-03-02T07:30:00,"Snatched near highway stretch, suspect fled on foot."
INC-00106,KA-BLR-URB,KA-BLR-URB-ST05,,robbery,12.942584,77.617244,2026-02-18T09:00:00,"Suspect(s) threatened victim near highway stretch, cash/valuables taken."
INC-00107,KA-BLR-URB,KA-BLR-URB-ST02,,vehicle_theft,12.934642,77.539497,2026-02-26T01:30:00,"Vehicle taken from main market, no forced entry signs."
INC-00108,KA-BLR-URB,KA-BLR-URB-ST02,CASE-00040,robbery,12.969908,77.565065,2026-01-12T17:30:00,"Suspect(s) threatened victim near highway stretch, cash/valuables taken."
INC-00109,KA-BLR-URB,KA-BLR-URB-ST01,CASE-00031,theft,13.027005,77.635145,2026-01-24T20:15:00,"Item stolen from main market during peak evening hours, no witnesses reported."
INC-00110,KA-BLR-URB,KA-BLR-URB-ST01,,cybercrime,12.963996,77.626499,2025-12-20T13:45:00,Victim reported unauthorized transaction linked to highway stretch IP.
INC-00111,KA-BLR-URB,KA-BLR-URB-ST01,,robbery,13.009131,77.668334,2025-11-15T20:15:00,"Suspect(s) threatened victim near highway stretch, cash/valuables taken."
INC-00112,KA-BLR-URB,KA-BLR-URB-ST02,,burglary,13.023335,77.597616,2025-10-19T12:45:00,"Forced entry via highway stretch, valuables removed, occupants absent."
INC-00113,KA-BLR-URB,KA-BLR-URB-ST01,,vehicle_theft,13.003113,77.629985,2026-03-21T09:45:00,"Vehicle taken from parking lot, no forced entry signs."
INC-00114,KA-BLR-URB,KA-BLR-URB-ST03,,burglary,12.970279,77.587994,2026-01-07T03:30:00,"Forced entry via highway stretch, valuables removed, occupants absent."
INC-00115,KA-BLR-URB,KA-BLR-URB-ST03,,burglary,12.954639,77.592967,2026-03-01T18:15:00,"Forced entry via parking lot, valuables removed, occupants absent."
INC-00116,KA-BLR-URB,KA-BLR-URB-ST06,CASE-00025,cybercrime,12.977684,77.66129,2025-11-18T05:15:00,Victim reported unauthorized transaction linked to residential lane IP.
INC-00117,KA-BLR-URB,KA-BLR-URB-ST03,,chain_snatching,12.990156,77.602235,2026-03-04T18:00:00,"Snatched near highway stretch, suspect fled on foot."
INC-00118,KA-BLR-URB,KA-BLR-URB-ST03,CASE-00015,vehicle_theft,12.975729,77.615618,2025-12-21T12:30:00,"Vehicle taken from main market, no forced entry signs."
INC-00119,KA-BLR-URB,KA-BLR-URB-ST02,,cybercrime,12.99559,77.523797,2026-05-21T23:30:00,Victim reported unauthorized transaction linked to highway stretch IP.
INC-00120,KA-BLR-URB,KA-BLR-URB-ST02,CASE-00037,robbery,13.028832,77.6433,2025-11-11T16:45:00,"Suspect(s) threatened victim near highway stretch, cash/valuables taken."
INC-00121,KA-BLR-URB,KA-BLR-URB-ST05,CASE-00014,burglary,12.962037,77.549258,2026-01-12T18:15:00,"Forced entry via residential lane, valuables removed, occupants absent."
INC-00122,KA-BLR-URB,KA-BLR-URB-ST05,CASE-00004,burglary,12.915845,77.573011,2026-05-17T01:45:00,"Forced entry via parking lot, valuables removed, occupants absent."
INC-00123,KA-BLR-URB,KA-BLR-URB-ST03,CASE-00003,theft,12.916498,77.623246,2025-10-12T12:30:00,"Item stolen from highway stretch during late night, no witnesses reported."
INC-00124,KA-BLR-URB,KA-BLR-URB-ST05,CASE-00009,theft,12.982594,77.484412,2025-10-31T02:45:00,"Item stolen from residential lane during peak evening hours, no witnesses reported."
INC-00125,KA-BLR-URB,KA-BLR-URB-ST06,CASE-00043,cybercrime,12.986668,77.579447,2026-05-04T11:45:00,Victim reported unauthorized transaction linked to ATM kiosk IP.
INC-00126,KA-BLR-URB,KA-BLR-URB-ST03,,robbery,12.975902,77.483843,2025-11-30T05:45:00,"Suspect(s) threatened victim near bus stand, cash/valuables taken."
INC-00127,KA-BLR-URB,KA-BLR-URB-ST04,CASE-00018,burglary,13.002364,77.670185,2026-05-06T17:45:00,"Forced entry via bus stand, valuables removed, occupants absent."
INC-00128,KA-BLR-URB,KA-BLR-URB-ST01,CASE-00007,robbery,12.935459,77.570387,2025-10-17T21:45:00,"Suspect(s) threatened victim near main market, cash/valuables taken."
INC-00129,KA-BLR-URB,KA-BLR-URB-ST06,CASE-00049,cybercrime,12.980535,77.5843,2025-10-25T07:00:00,Victim reported unauthorized transaction linked to ATM kiosk IP.
INC-00130,KA-BLR-URB,KA-BLR-URB-ST05,CASE-00057,robbery,13.008127,77.640643,2026-02-26T07:30:00,"Suspect(s) threatened victim near parking lot, cash/valuables taken."
INC-00131,KA-BLR-URB,KA-BLR-URB-ST02,,theft,12.929612,77.615268,2026-04-30T09:30:00,"Item stolen from parking lot during late night, no witnesses reported."
INC-00132,KA-BLR-URB,KA-BLR-URB-ST03,CASE-00025,vehicle_theft,12.991661,77.640076,2026-04-14T16:30:00,"Vehicle taken from ATM kiosk, no forced entry signs."
INC-00133,KA-BLR-URB,KA-BLR-URB-ST02,,cybercrime,12.951511,77.58704,2026-01-24T09:15:00,Victim reported unauthorized transaction linked to main market IP.
INC-00134,KA-BLR-URB,KA-BLR-URB-ST02,,vehicle_theft,13.025297,77.629855,2026-02-08T06:30:00,"Vehicle taken from main market, no forced entry signs."
INC-00135,KA-BLR-URB,KA-BLR-URB-ST02,,vehicle_theft,12.997264,77.657296,2025-10-27T08:45:00,"Vehicle taken from parking lot, no forced entry signs."
INC-00136,KA-BLR-URB,KA-BLR-URB-ST06,CASE-00013,chain_snatching,12.991018,77.589883,2026-01-20T15:15:00,"Snatched near residential lane, suspect fled on foot."
INC-00137,KA-BLR-URB,KA-BLR-URB-ST04,,cybercrime,12.935444,77.628271,2026-02-02T22:15:00,Victim reported unauthorized transaction linked to bus stand IP.
INC-00138,KA-BLR-URB,KA-BLR-URB-ST03,CASE-00047,robbery,12.896459,77.609183,2026-03-07T08:30:00,"Suspect(s) threatened victim near ATM kiosk, cash/valuables taken."
INC-00139,KA-BLR-URB,KA-BLR-URB-ST02,,theft,13.022119,77.599766,2026-04-08T10:45:00,"Item stolen from parking lot during late night, no witnesses reported."
INC-00140,KA-BLR-URB,KA-BLR-URB-ST05,CASE-00054,burglary,12.972957,77.645176,2026-05-02T09:15:00,"Forced entry via residential lane, valuables removed, occupants absent."
INC-00141,KA-BLR-URB,KA-BLR-URB-ST06,CASE-00047,vehicle_theft,12.978393,77.571206,2026-03-22T08:45:00,"Vehicle taken from highway stretch, no forced entry signs."
INC-00142,KA-BLR-URB,KA-BLR-URB-ST06,,robbery,12.938171,77.535375,2026-06-08T05:00:00,"Suspect(s) threatened victim near main market, cash/valuables taken."
INC-00143,KA-BLR-URB,KA-BLR-URB-ST04,CASE-00033,theft,12.958011,77.598455,2025-12-10T20:15:00,"Item stolen from highway stretch during late night, no witnesses reported."
INC-00144,KA-BLR-URB,KA-BLR-URB-ST06,CASE-00034,theft,12.962986,77.545803,2026-06-05T21:45:00,"Item stolen from main market during peak evening hours, no witnesses reported."
INC-00145,KA-BLR-URB,KA-BLR-URB-ST03,CASE-00016,burglary,12.989051,77.640289,2025-10-09T16:45:00,"Forced entry via main market, valuables removed, occupants absent."
INC-00146,KA-BLR-URB,KA-BLR-URB-ST03,CASE-00045,chain_snatching,12.980775,77.654622,2026-02-14T12:00:00,"Snatched near ATM kiosk, suspect fled on foot."
INC-00147,KA-BLR-URB,KA-BLR-URB-ST01,CASE-00001,cybercrime,12.966748,77.578705,2025-10-17T02:45:00,Victim reported unauthorized transaction linked to ATM kiosk IP.
INC-00148,KA-BLR-URB,KA-BLR-URB-ST04,CASE-00056,robbery,12.953247,77.546226,2026-03-19T18:00:00,"Suspect(s) threatened victim near main market, cash/valuables taken."
INC-00149,KA-BLR-URB,KA-BLR-URB-ST03,CASE-00055,robbery,12.931363,77.688414,2025-10-24T02:30:00,"Suspect(s) threatened victim near parking lot, cash/valuables taken."
INC-00150,KA-BLR-URB,KA-BLR-URB-ST05,CASE-00037,theft,12.991742,77.560371,2025-12-13T22:45:00,"Item stolen from residential lane during late night, no witnesses reported."
INC-00151,KA-BLR-URB,KA-BLR-URB-ST05,CASE-00023,vehicle_theft,13.012064,77.608795,2026-03-19T12:15:00,"Vehicle taken from highway stretch, no forced entry signs."
INC-00152,KA-BLR-URB,KA-BLR-URB-ST01,,chain_snatching,12.944192,77.603401,2026-03-24T19:45:00,"Snatched near main market, suspect fled on foot."
INC-00153,KA-BLR-URB,KA-BLR-URB-ST05,CASE-00040,vehicle_theft,12.963136,77.623476,2026-04-11T13:15:00,"Vehicle taken from parking lot, no forced entry signs."
INC-00154,KA-BLR-URB,KA-BLR-URB-ST01,,cybercrime,12.963876,77.611946,2025-11-12T08:15:00,Victim reported unauthorized transaction linked to highway stretch IP.
INC-00155,KA-BLR-URB,KA-BLR-URB-ST01,CASE-00028,chain_snatching,12.923323,77.610675,2026-03-07T14:30:00,"Snatched near main market, suspect fled on foot."
INC-00156,KA-BLR-URB,KA-BLR-URB-ST04,CASE-00051,chain_snatching,12.953813,77.62982,2025-11-22T00:00:00,"Snatched near parking lot, suspect fled on foot."
INC-00157,KA-BLR-URB,KA-BLR-URB-ST03,CASE-00011,vehicle_theft,12.961962,77.572207,2026-04-30T12:00:00,"Vehicle taken from parking lot, no forced entry signs."
INC-00158,KA-BLR-URB,KA-BLR-URB-ST03,CASE-00027,burglary,12.950107,77.6611,2026-03-04T08:45:00,"Forced entry via main market, valuables removed, occupants absent."
INC-00159,KA-BLR-URB,KA-BLR-URB-ST03,CASE-00009,robbery,12.93876,77.686434,2026-02-06T07:45:00,"Suspect(s) threatened victim near parking lot, cash/valuables taken."
INC-00160,KA-BLR-URB,KA-BLR-URB-ST03,CASE-00039,chain_snatching,12.996929,77.585888,2026-04-13T10:45:00,"Snatched near ATM kiosk, suspect fled on foot."
INC-00161,KA-BLR-URB,KA-BLR-URB-ST03,,chain_snatching,12.978689,77.559791,2025-12-30T12:30:00,"Snatched near highway stretch, suspect fled on foot."
INC-00162,KA-BLR-URB,KA-BLR-URB-ST03,,robbery,12.877543,77.563974,2026-04-20T11:00:00,"Suspect(s) threatened victim near bus stand, cash/valuables taken."
INC-00163,KA-BLR-URB,KA-BLR-URB-ST04,,vehicle_theft,12.993392,77.620667,2026-01-16T14:30:00,"Vehicle taken from main market, no forced entry signs."
INC-00164,KA-BLR-URB,KA-BLR-URB-ST03,,cybercrime,12.93146,77.599867,2025-12-18T22:45:00,Victim reported unauthorized transaction linked to main market IP.
INC-00165,KA-BLR-URB,KA-BLR-URB-ST05,CASE-00016,chain_snatching,12.951054,77.563277,2026-05-03T17:00:00,"Snatched near highway stretch, suspect fled on foot."
INC-00166,KA-BLR-URB,KA-BLR-URB-ST06,CASE-00017,chain_snatching,12.983204,77.65988,2025-10-23T18:45:00,"Snatched near ATM kiosk, suspect fled on foot."
INC-00167,KA-BLR-URB,KA-BLR-URB-ST05,CASE-00002,cybercrime,12.938321,77.598217,2026-01-22T14:30:00,Victim reported unauthorized transaction linked to ATM kiosk IP.
INC-00168,KA-BLR-URB,KA-BLR-URB-ST01,CASE-00014,chain_snatching,12.93491,77.589704,2025-11-29T23:15:00,"Snatched near residential lane, suspect fled on foot."
INC-00169,KA-BLR-URB,KA-BLR-URB-ST01,CASE-00046,chain_snatching,13.029933,77.646083,2026-05-13T23:45:00,"Snatched near main market, suspect fled on foot."
INC-00170,KA-BLR-URB,KA-BLR-URB-ST06,CASE-00022,vehicle_theft,12.877755,77.557547,2025-11-25T21:15:00,"Vehicle taken from bus stand, no forced entry signs."
INC-00171,KA-BLR-URB,KA-BLR-URB-ST02,CASE-00048,burglary,12.951608,77.577173,2026-04-26T20:15:00,"Forced entry via highway stretch, valuables removed, occupants absent."
INC-00172,KA-BLR-URB,KA-BLR-URB-ST05,CASE-00046,vehicle_theft,12.976786,77.581189,2026-05-08T12:00:00,"Vehicle taken from bus stand, no forced entry signs."
INC-00173,KA-BLR-URB,KA-BLR-URB-ST01,CASE-00056,burglary,12.867843,77.601466,2026-01-04T11:30:00,"Forced entry via ATM kiosk, valuables removed, occupants absent."
INC-00174,KA-BLR-URB,KA-BLR-URB-ST03,CASE-00030,robbery,12.917317,77.545292,2026-04-17T19:45:00,"Suspect(s) threatened victim near main market, cash/valuables taken."
INC-00175,KA-BLR-URB,KA-BLR-URB-ST06,CASE-00020,vehicle_theft,13.000291,77.620526,2026-03-02T19:00:00,"Vehicle taken from bus stand, no forced entry signs."
INC-00176,KA-BLR-URB,KA-BLR-URB-ST02,CASE-00032,robbery,12.931069,77.548333,2026-06-19T12:45:00,"Suspect(s) threatened victim near bus stand, cash/valuables taken."
INC-00177,KA-BLR-URB,KA-BLR-URB-ST06,CASE-00054,cybercrime,12.958946,77.598624,2025-12-28T17:15:00,Victim reported unauthorized transaction linked to residential lane IP.
INC-00178,KA-BLR-URB,KA-BLR-URB-ST03,CASE-00032,burglary,12.905544,77.633313,2025-10-05T15:15:00,"Forced entry via ATM kiosk, valuables removed, occupants absent."
INC-00179,KA-BLR-URB,KA-BLR-URB-ST04,CASE-00035,burglary,12.954835,77.662238,2025-12-25T02:00:00,"Forced entry via residential lane, valuables removed, occupants absent."
INC-00180,KA-BLR-URB,KA-BLR-URB-ST05,,robbery,12.988594,77.560339,2026-06-11T17:00:00,"Suspect(s) threatened victim near main market, cash/valuables taken."
INC-00181,KA-BLR-URB,KA-BLR-URB-ST01,CASE-00003,cybercrime,12.936398,77.606103,2026-05-14T17:15:00,Victim reported unauthorized transaction linked to main market IP.
INC-00182,KA-BLR-URB,KA-BLR-URB-ST01,,burglary,12.939059,77.567589,2026-05-13T03:15:00,"Forced entry via highway stretch, valuables removed, occupants absent."
INC-00183,KA-BLR-URB,KA-BLR-URB-ST05,CASE-00039,theft,12.93727,77.586068,2025-12-11T06:15:00,"Item stolen from parking lot during afternoon, no witnesses reported."
INC-00184,KA-BLR-URB,KA-BLR-URB-ST06,CASE-00049,robbery,12.991532,77.507215,2026-02-27T09:30:00,"Suspect(s) threatened victim near highway stretch, cash/valuables taken."
INC-00185,KA-BLR-URB,KA-BLR-URB-ST03,,burglary,12.975927,77.534683,2025-12-04T22:15:00,"Forced entry via bus stand, valuables removed, occupants absent."
INC-00186,KA-BLR-URB,KA-BLR-URB-ST04,CASE-00041,vehicle_theft,12.990535,77.528805,2025-12-12T18:30:00,"Vehicle taken from ATM kiosk, no forced entry signs."
INC-00187,KA-BLR-URB,KA-BLR-URB-ST04,,vehicle_theft,12.970286,77.597089,2026-06-21T23:30:00,"Vehicle taken from residential lane, no forced entry signs."
INC-00188,KA-BLR-URB,KA-BLR-URB-ST06,,vehicle_theft,12.983002,77.555968,2025-11-17T23:45:00,"Vehicle taken from highway stretch, no forced entry signs."
INC-00189,KA-BLR-URB,KA-BLR-URB-ST04,CASE-00009,chain_snatching,12.92942,77.575987,2026-01-17T15:30:00,"Snatched near residential lane, suspect fled on foot."
INC-00190,KA-BLR-URB,KA-BLR-URB-ST03,CASE-00055,vehicle_theft,12.99574,77.631593,2025-10-25T01:00:00,"Vehicle taken from ATM kiosk, no forced entry signs."
INC-00191,KA-BLR-URB,KA-BLR-URB-ST04,,vehicle_theft,12.984246,77.582205,2026-01-12T22:15:00,"Vehicle taken from residential lane, no forced entry signs."
INC-00192,KA-BLR-URB,KA-BLR-URB-ST03,CASE-00041,vehicle_theft,12.950404,77.652888,2026-02-06T02:30:00,"Vehicle taken from highway stretch, no forced entry signs."
INC-00193,KA-BLR-URB,KA-BLR-URB-ST02,CASE-00005,vehicle_theft,12.990852,77.615811,2026-05-08T20:00:00,"Vehicle taken from main market, no forced entry signs."
INC-00194,KA-BLR-URB,KA-BLR-URB-ST06,,vehicle_theft,12.952788,77.604588,2026-05-16T00:00:00,"Vehicle taken from residential lane, no forced entry signs."
INC-00195,KA-BLR-URB,KA-BLR-URB-ST01,CASE-00057,vehicle_theft,12.959633,77.632024,2026-01-26T12:00:00,"Vehicle taken from main market, no forced entry signs."
INC-00196,KA-BLR-URB,KA-BLR-URB-ST02,CASE-00047,robbery,12.986884,77.659256,2025-12-13T02:00:00,"Suspect(s) threatened victim near highway stretch, cash/valuables taken."
INC-00197,KA-BLR-URB,KA-BLR-URB-ST04,CASE-00025,theft,12.946365,77.628637,2026-05-15T06:00:00,"Item stolen from bus stand during early morning, no witnesses reported."
INC-00198,KA-BLR-URB,KA-BLR-URB-ST02,,burglary,12.943239,77.522338,2026-02-04T08:00:00,"Forced entry via parking lot, valuables removed, occupants absent."
INC-00199,KA-BLR-URB,KA-BLR-URB-ST06,,vehicle_theft,12.986583,77.525118,2026-03-04T06:15:00,"Vehicle taken from ATM kiosk, no forced entry signs."
INC-00200,KA-BLR-URB,KA-BLR-URB-ST02,CASE-00001,burglary,13.064526,77.586924,2026-06-11T12:00:00,"Forced entry via ATM kiosk, valuables removed, occupants absent."
INC-00201,KA-BLR-URB,KA-BLR-URB-ST02,,chain_snatching,13.037425,77.575231,2026-04-17T18:45:00,"Snatched near parking lot, suspect fled on foot."
INC-00202,KA-BLR-URB,KA-BLR-URB-ST01,,burglary,12.945259,77.614255,2025-11-04T00:30:00,"Forced entry via main market, valuables removed, occupants absent."
INC-00203,KA-BLR-URB,KA-BLR-URB-ST06,,vehicle_theft,12.949216,77.589203,2026-06-14T13:45:00,"Vehicle taken from ATM kiosk, no forced entry signs."
INC-00204,KA-BLR-URB,KA-BLR-URB-ST01,CASE-00041,burglary,12.976409,77.536852,2026-03-08T02:15:00,"Forced entry via parking lot, valuables removed, occupants absent."
INC-00205,KA-BLR-URB,KA-BLR-URB-ST06,CASE-00060,vehicle_theft,12.931309,77.612191,2025-11-03T09:45:00,"Vehicle taken from bus stand, no forced entry signs."
INC-00206,KA-BLR-URB,KA-BLR-URB-ST05,,theft,13.022578,77.679374,2025-10-29T09:15:00,"Item stolen from main market during late night, no witnesses reported."
INC-00207,KA-BLR-URB,KA-BLR-URB-ST05,,burglary,13.017114,77.548196,2026-06-22T23:30:00,"Forced entry via residential lane, valuables removed, occupants absent."
INC-00208,KA-BLR-URB,KA-BLR-URB-ST01,CASE-00037,chain_snatching,12.939014,77.56096,2025-10-16T10:45:00,"Snatched near parking lot, suspect fled on foot."
INC-00209,KA-BLR-URB,KA-BLR-URB-ST05,CASE-00050,robbery,13.013303,77.626078,2026-04-03T01:45:00,"Suspect(s) threatened victim near bus stand, cash/valuables taken."
INC-00210,KA-BLR-URB,KA-BLR-URB-ST06,CASE-00024,theft,12.954681,77.609902,2025-11-29T07:00:00,"Item stolen from main market during late night, no witnesses reported."
INC-00211,KA-BLR-URB,KA-BLR-URB-ST01,CASE-00005,burglary,12.953432,77.585836,2026-05-03T07:30:00,"Forced entry via ATM kiosk, valuables removed, occupants absent."
INC-00212,KA-BLR-URB,KA-BLR-URB-ST06,CASE-00030,robbery,13.017524,77.543186,2025-10-27T05:15:00,"Suspect(s) threatened victim near main market, cash/valuables taken."
INC-00213,KA-BLR-URB,KA-BLR-URB-ST03,CASE-00051,theft,12.953042,77.647277,2026-03-17T02:45:00,"Item stolen from residential lane during late night, no witnesses reported."
INC-00214,KA-BLR-URB,KA-BLR-URB-ST04,CASE-00060,burglary,12.946997,77.610206,2026-04-07T18:45:00,"Forced entry via highway stretch, valuables removed, occupants absent."
INC-00215,KA-BLR-URB,KA-BLR-URB-ST03,CASE-00034,vehicle_theft,13.013104,77.59018,2025-10-05T10:00:00,"Vehicle taken from ATM kiosk, no forced entry signs."
INC-00216,KA-BLR-URB,KA-BLR-URB-ST01,,theft,12.909935,77.586905,2025-12-12T22:30:00,"Item stolen from main market during late night, no witnesses reported."
INC-00217,KA-BLR-URB,KA-BLR-URB-ST03,,robbery,12.929419,77.627595,2026-05-23T23:00:00,"Suspect(s) threatened victim near main market, cash/valuables taken."
INC-00218,KA-BLR-URB,KA-BLR-URB-ST01,,burglary,13.007328,77.576689,2026-05-11T21:15:00,"Forced entry via residential lane, valuables removed, occupants absent."
INC-00219,KA-BLR-URB,KA-BLR-URB-ST06,,chain_snatching,13.016601,77.646368,2026-03-17T10:45:00,"Snatched near bus stand, suspect fled on foot."
INC-00220,KA-BLR-URB,KA-BLR-URB-ST01,CASE-00035,cybercrime,12.928436,77.647934,2025-12-19T03:15:00,Victim reported unauthorized transaction linked to ATM kiosk IP.
INC-00221,KA-BLR-URB,KA-BLR-URB-ST04,,theft,12.950727,77.653486,2026-03-07T14:30:00,"Item stolen from main market during late night, no witnesses reported."
INC-00222,KA-BLR-URB,KA-BLR-URB-ST05,,burglary,12.961526,77.602289,2025-10-21T06:30:00,"Forced entry via main market, valuables removed, occupants absent."
INC-00223,KA-BLR-URB,KA-BLR-URB-ST03,CASE-00007,cybercrime,12.978892,77.573895,2026-02-11T05:00:00,Victim reported unauthorized transaction linked to ATM kiosk IP.
INC-00224,KA-BLR-URB,KA-BLR-URB-ST01,,burglary,12.987087,77.588193,2025-11-01T07:15:00,"Forced entry via ATM kiosk, valuables removed, occupants absent."
INC-00225,KA-BLR-URB,KA-BLR-URB-ST05,,theft,13.036552,77.636961,2026-02-10T02:00:00,"Item stolen from bus stand during peak evening hours, no witnesses reported."
INC-00226,KA-BLR-URB,KA-BLR-URB-ST03,,theft,12.963868,77.600598,2025-12-02T01:45:00,"Item stolen from bus stand during peak evening hours, no witnesses reported."
INC-00227,KA-BLR-URB,KA-BLR-URB-ST06,CASE-00057,burglary,13.004428,77.638977,2026-05-07T05:30:00,"Forced entry via bus stand, valuables removed, occupants absent."
INC-00228,KA-BLR-URB,KA-BLR-URB-ST05,CASE-00018,cybercrime,12.940667,77.622565,2026-02-03T20:30:00,Victim reported unauthorized transaction linked to ATM kiosk IP.
INC-00229,KA-BLR-URB,KA-BLR-URB-ST06,CASE-00051,cybercrime,12.88368,77.60309,2026-06-27T07:00:00,Victim reported unauthorized transaction linked to highway stretch IP.
INC-00230,KA-BLR-URB,KA-BLR-URB-ST05,CASE-00002,burglary,13.026684,77.552295,2026-03-14T12:30:00,"Forced entry via main market, valuables removed, occupants absent."
INC-00231,KA-BLR-URB,KA-BLR-URB-ST01,CASE-00043,robbery,12.974345,77.643933,2026-05-30T16:30:00,"Suspect(s) threatened victim near bus stand, cash/valuables taken."
INC-00232,KA-BLR-URB,KA-BLR-URB-ST06,CASE-00021,chain_snatching,12.992999,77.536552,2025-10-29T07:45:00,"Snatched near bus stand, suspect fled on foot."
INC-00233,KA-BLR-URB,KA-BLR-URB-ST05,CASE-00013,robbery,13.0094,77.532212,2025-10-15T22:30:00,"Suspect(s) threatened victim near parking lot, cash/valuables taken."
INC-00234,KA-BLR-URB,KA-BLR-URB-ST04,CASE-00015,theft,13.016852,77.600296,2026-03-08T05:45:00,"Item stolen from main market during early morning, no witnesses reported."
INC-00235,KA-BLR-URB,KA-BLR-URB-ST03,CASE-00010,vehicle_theft,12.895206,77.548372,2026-01-12T04:30:00,"Vehicle taken from bus stand, no forced entry signs."
INC-00236,KA-BLR-URB,KA-BLR-URB-ST01,CASE-00022,chain_snatching,12.964676,77.615131,2026-06-27T11:00:00,"Snatched near highway stretch, suspect fled on foot."
INC-00237,KA-BLR-URB,KA-BLR-URB-ST02,,vehicle_theft,12.893913,77.562719,2026-05-12T20:45:00,"Vehicle taken from residential lane, no forced entry signs."
INC-00238,KA-BLR-URB,KA-BLR-URB-ST05,CASE-00047,cybercrime,13.033839,77.595303,2026-04-01T07:15:00,Victim reported unauthorized transaction linked to residential lane IP.
INC-00239,KA-BLR-URB,KA-BLR-URB-ST05,,burglary,12.999276,77.588874,2026-04-19T18:00:00,"Forced entry via parking lot, valuables removed, occupants absent."
INC-00240,KA-BLR-URB,KA-BLR-URB-ST05,CASE-00021,chain_snatching,13.012669,77.667011,2025-11-23T15:15:00,"Snatched near highway stretch, suspect fled on foot."
INC-00241,KA-BLR-URB,KA-BLR-URB-ST01,,chain_snatching,12.930078,77.651388,2026-03-21T14:00:00,"Snatched near bus stand, suspect fled on foot."
INC-00242,KA-BLR-URB,KA-BLR-URB-ST06,,cybercrime,13.006489,77.563667,2025-10-01T01:45:00,Victim reported unauthorized transaction linked to highway stretch IP.
INC-00243,KA-BLR-URB,KA-BLR-URB-ST04,CASE-00005,theft,12.974772,77.584666,2026-03-29T17:45:00,"Item stolen from ATM kiosk during late night, no witnesses reported."
INC-00244,KA-BLR-URB,KA-BLR-URB-ST01,,theft,12.979988,77.607984,2026-03-13T08:00:00,"Item stolen from residential lane during late night, no witnesses reported."
INC-00245,KA-BLR-URB,KA-BLR-URB-ST01,,vehicle_theft,13.014361,77.666902,2026-03-23T19:45:00,"Vehicle taken from main market, no forced entry signs."
INC-00246,KA-BLR-URB,KA-BLR-URB-ST02,,burglary,12.960287,77.53087,2025-10-28T03:30:00,"Forced entry via bus stand, valuables removed, occupants absent."
INC-00247,KA-BLR-URB,KA-BLR-URB-ST03,CASE-00054,theft,12.95823,77.595361,2026-02-22T09:15:00,"Item stolen from main market during peak evening hours, no witnesses reported."
INC-00248,KA-BLR-URB,KA-BLR-URB-ST01,CASE-00002,vehicle_theft,12.98684,77.649564,2026-05-07T02:30:00,"Vehicle taken from highway stretch, no forced entry signs."
INC-00249,KA-BLR-URB,KA-BLR-URB-ST01,,cybercrime,12.966204,77.651668,2026-05-31T03:30:00,Victim reported unauthorized transaction linked to ATM kiosk IP.
INC-00250,KA-BLR-URB,KA-BLR-URB-ST04,CASE-00029,chain_snatching,12.943638,77.600839,2026-01-03T11:45:00,"Snatched near bus stand, suspect fled on foot."
INC-00251,KA-BLR-URB,KA-BLR-URB-ST03,,theft,12.913951,77.629191,2025-11-01T04:00:00,"Item stolen from highway stretch during afternoon, no witnesses reported."
INC-00252,KA-BLR-URB,KA-BLR-URB-ST02,CASE-00016,robbery,12.955557,77.597011,2025-11-01T12:45:00,"Suspect(s) threatened victim near highway stretch, cash/valuables taken."
INC-00253,KA-BLR-URB,KA-BLR-URB-ST06,,theft,12.985327,77.618549,2025-10-18T16:15:00,"Item stolen from ATM kiosk during late night, no witnesses reported."
INC-00254,KA-BLR-URB,KA-BLR-URB-ST02,CASE-00053,theft,12.918743,77.540243,2025-12-04T01:45:00,"Item stolen from highway stretch during peak evening hours, no witnesses reported."
INC-00255,KA-BLR-URB,KA-BLR-URB-ST03,CASE-00055,theft,12.964343,77.638283,2026-03-13T23:00:00,"Item stolen from ATM kiosk during peak evening hours, no witnesses reported."
INC-00256,KA-BLR-URB,KA-BLR-URB-ST01,CASE-00038,cybercrime,12.976587,77.499946,2026-06-25T13:00:00,Victim reported unauthorized transaction linked to bus stand IP.
INC-00257,KA-BLR-URB,KA-BLR-URB-ST01,,cybercrime,12.93088,77.574803,2025-11-21T09:30:00,Victim reported unauthorized transaction linked to residential lane IP.
INC-00258,KA-BLR-URB,KA-BLR-URB-ST02,CASE-00057,robbery,13.015983,77.552371,2026-02-19T12:15:00,"Suspect(s) threatened victim near parking lot, cash/valuables taken."
INC-00259,KA-BLR-URB,KA-BLR-URB-ST01,CASE-00054,theft,12.909942,77.59785,2026-06-01T08:30:00,"Item stolen from residential lane during afternoon, no witnesses reported."
INC-00260,KA-BLR-URB,KA-BLR-URB-ST01,CASE-00027,vehicle_theft,12.957929,77.583999,2026-01-25T04:30:00,"Vehicle taken from ATM kiosk, no forced entry signs."
INC-00261,KA-BLR-URB,KA-BLR-URB-ST04,CASE-00011,robbery,13.02923,77.619804,2026-01-17T13:45:00,"Suspect(s) threatened victim near residential lane, cash/valuables taken."
INC-00262,KA-BLR-URB,KA-BLR-URB-ST04,,burglary,12.971741,77.638768,2025-12-09T16:00:00,"Forced entry via bus stand, valuables removed, occupants absent."
INC-00263,KA-BLR-URB,KA-BLR-URB-ST03,,cybercrime,12.978697,77.601597,2026-01-10T08:30:00,Victim reported unauthorized transaction linked to parking lot IP.
INC-00264,KA-BLR-URB,KA-BLR-URB-ST03,CASE-00054,burglary,13.024019,77.553671,2026-06-08T19:45:00,"Forced entry via ATM kiosk, valuables removed, occupants absent."
INC-00265,KA-BLR-URB,KA-BLR-URB-ST06,,cybercrime,12.976777,77.567304,2025-11-16T09:00:00,Victim reported unauthorized transaction linked to main market IP.
INC-00266,KA-BLR-URB,KA-BLR-URB-ST02,CASE-00056,chain_snatching,12.984532,77.527502,2026-01-24T21:15:00,"Snatched near highway stretch, suspect fled on foot."
INC-00267,KA-BLR-URB,KA-BLR-URB-ST01,CASE-00052,robbery,13.030771,77.572455,2026-05-31T04:15:00,"Suspect(s) threatened victim near main market, cash/valuables taken."
INC-00268,KA-BLR-URB,KA-BLR-URB-ST06,CASE-00020,chain_snatching,12.938653,77.527671,2026-02-18T13:45:00,"Snatched near ATM kiosk, suspect fled on foot."
INC-00269,KA-BLR-URB,KA-BLR-URB-ST04,CASE-00007,robbery,12.935621,77.598746,2025-11-22T00:30:00,"Suspect(s) threatened victim near highway stretch, cash/valuables taken."
INC-00270,KA-BLR-URB,KA-BLR-URB-ST03,CASE-00034,vehicle_theft,12.979927,77.509225,2026-03-16T08:30:00,"Vehicle taken from highway stretch, no forced entry signs."
INC-00271,KA-BLR-URB,KA-BLR-URB-ST05,,vehicle_theft,13.002597,77.594107,2026-04-25T21:30:00,"Vehicle taken from bus stand, no forced entry signs."
INC-00272,KA-BLR-URB,KA-BLR-URB-ST04,CASE-00046,robbery,12.980148,77.643331,2026-04-26T12:00:00,"Suspect(s) threatened victim near highway stretch, cash/valuables taken."
INC-00273,KA-BLR-URB,KA-BLR-URB-ST04,CASE-00031,burglary,12.993074,77.616884,2026-04-02T16:30:00,"Forced entry via highway stretch, valuables removed, occupants absent."
INC-00274,KA-BLR-URB,KA-BLR-URB-ST05,CASE-00048,vehicle_theft,13.000475,77.564401,2026-01-02T21:30:00,"Vehicle taken from main market, no forced entry signs."
INC-00275,KA-BLR-URB,KA-BLR-URB-ST03,CASE-00041,cybercrime,12.888422,77.546409,2026-04-09T08:30:00,Victim reported unauthorized transaction linked to main market IP.
INC-00276,KA-BLR-URB,KA-BLR-URB-ST01,CASE-00056,vehicle_theft,12.984845,77.577355,2026-05-30T06:00:00,"Vehicle taken from ATM kiosk, no forced entry signs."
INC-00277,KA-BLR-URB,KA-BLR-URB-ST02,,burglary,12.915287,77.599003,2026-03-25T13:45:00,"Forced entry via residential lane, valuables removed, occupants absent."
INC-00278,KA-BLR-URB,KA-BLR-URB-ST02,CASE-00050,theft,13.004891,77.65392,2026-03-10T20:00:00,"Item stolen from ATM kiosk during afternoon, no witnesses reported."
INC-00279,KA-BLR-URB,KA-BLR-URB-ST04,CASE-00031,vehicle_theft,12.963357,77.602024,2025-11-15T04:45:00,"Vehicle taken from ATM kiosk, no forced entry signs."
INC-00280,KA-BLR-URB,KA-BLR-URB-ST02,,robbery,12.950432,77.572979,2026-04-10T00:30:00,"Suspect(s) threatened victim near bus stand, cash/valuables taken."
INC-00281,KA-BLR-URB,KA-BLR-URB-ST06,CASE-00053,theft,13.065022,77.6222,2026-03-26T09:15:00,"Item stolen from ATM kiosk during afternoon, no witnesses reported."
INC-00282,KA-BLR-URB,KA-BLR-URB-ST04,CASE-00058,cybercrime,12.905111,77.598708,2026-06-24T19:30:00,Victim reported unauthorized transaction linked to highway stretch IP.
INC-00283,KA-BLR-URB,KA-BLR-URB-ST02,CASE-00002,burglary,12.951026,77.581599,2026-04-25T00:15:00,"Forced entry via highway stretch, valuables removed, occupants absent."
INC-00284,KA-BLR-URB,KA-BLR-URB-ST03,CASE-00004,robbery,12.941003,77.545042,2025-10-20T12:30:00,"Suspect(s) threatened victim near parking lot, cash/valuables taken."
INC-00285,KA-BLR-URB,KA-BLR-URB-ST01,CASE-00017,cybercrime,12.948836,77.598294,2025-10-25T22:00:00,Victim reported unauthorized transaction linked to ATM kiosk IP.
INC-00286,KA-BLR-URB,KA-BLR-URB-ST06,,vehicle_theft,12.958903,77.554908,2025-10-05T09:45:00,"Vehicle taken from main market, no forced entry signs."
INC-00287,KA-BLR-URB,KA-BLR-URB-ST01,CASE-00039,chain_snatching,12.981303,77.624304,2026-06-19T23:00:00,"Snatched near main market, suspect fled on foot."
INC-00288,KA-BLR-URB,KA-BLR-URB-ST05,CASE-00059,chain_snatching,12.99604,77.684369,2026-01-12T11:45:00,"Snatched near bus stand, suspect fled on foot."
INC-00289,KA-BLR-URB,KA-BLR-URB-ST03,,vehicle_theft,12.960526,77.574746,2026-01-29T00:00:00,"Vehicle taken from main market, no forced entry signs."
INC-00290,KA-BLR-URB,KA-BLR-URB-ST01,CASE-00019,chain_snatching,12.970464,77.607372,2026-06-19T02:00:00,"Snatched near highway stretch, suspect fled on foot."
INC-00291,KA-BLR-URB,KA-BLR-URB-ST02,,vehicle_theft,13.027347,77.632485,2025-10-21T09:30:00,"Vehicle taken from residential lane, no forced entry signs."
INC-00292,KA-BLR-URB,KA-BLR-URB-ST01,,chain_snatching,12.964138,77.659181,2025-10-05T04:15:00,"Snatched near residential lane, suspect fled on foot."
INC-00293,KA-BLR-URB,KA-BLR-URB-ST03,CASE-00025,cybercrime,12.954778,77.552188,2026-03-25T05:00:00,Victim reported unauthorized transaction linked to ATM kiosk IP.
INC-00294,KA-BLR-URB,KA-BLR-URB-ST04,,vehicle_theft,12.982058,77.579075,2025-12-25T03:15:00,"Vehicle taken from highway stretch, no forced entry signs."
INC-00295,KA-BLR-URB,KA-BLR-URB-ST05,,burglary,12.910631,77.543279,2026-06-05T18:45:00,"Forced entry via parking lot, valuables removed, occupants absent."
INC-00296,KA-BLR-URB,KA-BLR-URB-ST06,CASE-00017,theft,12.968053,77.589383,2025-12-06T15:45:00,"Item stolen from ATM kiosk during peak evening hours, no witnesses reported."
INC-00297,KA-BLR-URB,KA-BLR-URB-ST06,CASE-00047,vehicle_theft,12.971929,77.631445,2026-06-26T23:15:00,"Vehicle taken from residential lane, no forced entry signs."
INC-00298,KA-BLR-URB,KA-BLR-URB-ST06,CASE-00031,theft,13.019805,77.529865,2026-04-16T04:00:00,"Item stolen from highway stretch during late night, no witnesses reported."
INC-00299,KA-BLR-URB,KA-BLR-URB-ST01,CASE-00036,chain_snatching,12.946349,77.562748,2026-06-09T10:15:00,"Snatched near residential lane, suspect fled on foot."
INC-00300,KA-BLR-URB,KA-BLR-URB-ST02,,robbery,12.952593,77.601165,2025-11-10T14:45:00,"Suspect(s) threatened victim near ATM kiosk, cash/valuables taken."
INC-00301,KA-BLR-URB,KA-BLR-URB-ST04,,cybercrime,12.998275,77.495337,2025-10-10T03:45:00,Victim reported unauthorized transaction linked to main market IP.
INC-00302,KA-BLR-URB,KA-BLR-URB-ST06,,vehicle_theft,12.962868,77.604715,2026-03-05T16:15:00,"Vehicle taken from highway stretch, no forced entry signs."
INC-00303,KA-BLR-URB,KA-BLR-URB-ST02,,vehicle_theft,13.022514,77.638934,2026-05-21T10:45:00,"Vehicle taken from highway stretch, no forced entry signs."
INC-00304,KA-BLR-URB,KA-BLR-URB-ST02,,vehicle_theft,12.99457,77.601395,2025-10-02T10:30:00,"Vehicle taken from residential lane, no forced entry signs."
INC-00305,KA-BLR-URB,KA-BLR-URB-ST02,CASE-00055,robbery,12.93703,77.622155,2026-04-28T03:30:00,"Suspect(s) threatened victim near bus stand, cash/valuables taken."
INC-00306,KA-BLR-URB,KA-BLR-URB-ST02,,theft,12.915781,77.612541,2026-03-23T03:45:00,"Item stolen from highway stretch during early morning, no witnesses reported."
INC-00307,KA-BLR-URB,KA-BLR-URB-ST05,CASE-00028,robbery,12.995928,77.555628,2025-12-08T15:00:00,"Suspect(s) threatened victim near highway stretch, cash/valuables taken."
INC-00308,KA-BLR-URB,KA-BLR-URB-ST05,CASE-00039,vehicle_theft,12.943903,77.57279,2025-12-30T22:15:00,"Vehicle taken from bus stand, no forced entry signs."
INC-00309,KA-BLR-URB,KA-BLR-URB-ST04,,chain_snatching,12.95113,77.600849,2026-05-03T19:15:00,"Snatched near ATM kiosk, suspect fled on foot."
INC-00310,KA-BLR-URB,KA-BLR-URB-ST04,CASE-00040,vehicle_theft,12.958078,77.535185,2026-06-20T09:30:00,"Vehicle taken from highway stretch, no forced entry signs."
INC-00311,KA-BLR-URB,KA-BLR-URB-ST06,,robbery,12.975078,77.5433,2025-12-07T22:15:00,"Suspect(s) threatened victim near parking lot, cash/valuables taken."
INC-00312,KA-BLR-URB,KA-BLR-URB-ST05,CASE-00010,cybercrime,12.984503,77.599069,2026-05-02T21:30:00,Victim reported unauthorized transaction linked to main market IP.
INC-00313,KA-BLR-URB,KA-BLR-URB-ST03,CASE-00035,burglary,13.043462,77.609391,2025-12-22T09:30:00,"Forced entry via main market, valuables removed, occupants absent."
INC-00314,KA-BLR-URB,KA-BLR-URB-ST01,,burglary,13.00912,77.606009,2026-01-23T23:45:00,"Forced entry via parking lot, valuables removed, occupants absent."
INC-00315,KA-BLR-URB,KA-BLR-URB-ST04,CASE-00056,theft,12.987205,77.515302,2026-03-10T17:00:00,"Item stolen from highway stretch during afternoon, no witnesses reported."
INC-00316,KA-BLR-URB,KA-BLR-URB-ST02,CASE-00044,vehicle_theft,13.063077,77.640826,2026-04-07T18:15:00,"Vehicle taken from bus stand, no forced entry signs."
INC-00317,KA-BLR-URB,KA-BLR-URB-ST06,CASE-00009,theft,13.012678,77.660171,2026-06-21T03:45:00,"Item stolen from ATM kiosk during afternoon, no witnesses reported."
INC-00318,KA-BLR-URB,KA-BLR-URB-ST01,CASE-00050,theft,13.021995,77.571801,2026-03-19T14:15:00,"Item stolen from bus stand during afternoon, no witnesses reported."
INC-00319,KA-BLR-URB,KA-BLR-URB-ST06,CASE-00012,theft,12.90192,77.585528,2026-03-04T15:30:00,"Item stolen from highway stretch during afternoon, no witnesses reported."
INC-00320,KA-BLR-URB,KA-BLR-URB-ST02,,theft,12.953019,77.563918,2026-05-01T17:45:00,"Item stolen from residential lane during late night, no witnesses reported."
INC-00321,KA-BLR-URB,KA-BLR-URB-ST03,CASE-00023,robbery,12.889911,77.623624,2026-01-20T19:45:00,"Suspect(s) threatened victim near highway stretch, cash/valuables taken."
INC-00322,KA-BLR-URB,KA-BLR-URB-ST05,CASE-00047,cybercrime,12.953566,77.680786,2026-02-02T01:30:00,Victim reported unauthorized transaction linked to main market IP.
INC-00323,KA-BLR-URB,KA-BLR-URB-ST03,,cybercrime,12.988579,77.639544,2026-06-21T16:45:00,Victim reported unauthorized transaction linked to main market IP.
INC-00324,KA-BLR-URB,KA-BLR-URB-ST01,,vehicle_theft,12.983417,77.515435,2025-12-25T17:00:00,"Vehicle taken from main market, no forced entry signs."
INC-00325,KA-BLR-URB,KA-BLR-URB-ST04,CASE-00046,vehicle_theft,12.963191,77.609512,2025-11-23T06:45:00,"Vehicle taken from main market, no forced entry signs."
INC-00326,KA-BLR-URB,KA-BLR-URB-ST01,CASE-00029,robbery,12.942472,77.563497,2025-12-31T08:00:00,"Suspect(s) threatened victim near bus stand, cash/valuables taken."
INC-00327,KA-BLR-URB,KA-BLR-URB-ST01,,robbery,12.91823,77.562761,2026-04-18T21:00:00,"Suspect(s) threatened victim near main market, cash/valuables taken."
INC-00328,KA-BLR-URB,KA-BLR-URB-ST01,,chain_snatching,12.95361,77.684256,2026-04-02T16:00:00,"Snatched near highway stretch, suspect fled on foot."
INC-00329,KA-BLR-URB,KA-BLR-URB-ST04,CASE-00026,cybercrime,12.994148,77.520095,2026-04-21T21:00:00,Victim reported unauthorized transaction linked to bus stand IP.
INC-00330,KA-BLR-URB,KA-BLR-URB-ST03,CASE-00001,theft,12.935667,77.576935,2025-12-13T09:30:00,"Item stolen from parking lot during late night, no witnesses reported."
INC-00331,KA-BLR-URB,KA-BLR-URB-ST05,CASE-00058,vehicle_theft,12.942432,77.556539,2025-11-13T09:15:00,"Vehicle taken from highway stretch, no forced entry signs."
INC-00332,KA-BLR-URB,KA-BLR-URB-ST02,,burglary,12.959401,77.589111,2026-01-03T07:30:00,"Forced entry via main market, valuables removed, occupants absent."
INC-00333,KA-BLR-URB,KA-BLR-URB-ST05,CASE-00013,chain_snatching,12.964537,77.548914,2026-05-25T20:00:00,"Snatched near highway stretch, suspect fled on foot."
INC-00334,KA-BLR-URB,KA-BLR-URB-ST03,,theft,12.953512,77.63447,2026-04-01T04:15:00,"Item stolen from residential lane during early morning, no witnesses reported."
INC-00335,KA-BLR-URB,KA-BLR-URB-ST05,,robbery,12.995095,77.588356,2026-03-06T22:15:00,"Suspect(s) threatened victim near parking lot, cash/valuables taken."
INC-00336,KA-BLR-URB,KA-BLR-URB-ST03,,chain_snatching,12.949171,77.634465,2026-02-04T07:45:00,"Snatched near residential lane, suspect fled on foot."
INC-00337,KA-BLR-URB,KA-BLR-URB-ST04,,robbery,12.999853,77.610592,2026-04-02T09:45:00,"Suspect(s) threatened victim near main market, cash/valuables taken."
INC-00338,KA-BLR-URB,KA-BLR-URB-ST02,,vehicle_theft,12.922035,77.540726,2026-01-09T08:00:00,"Vehicle taken from main market, no forced entry signs."
INC-00339,KA-BLR-URB,KA-BLR-URB-ST05,CASE-00035,theft,12.90355,77.606651,2026-04-26T18:15:00,"Item stolen from parking lot during afternoon, no witnesses reported."
INC-00340,KA-BLR-URB,KA-BLR-URB-ST03,CASE-00033,burglary,13.001089,77.596565,2026-04-19T07:30:00,"Forced entry via ATM kiosk, valuables removed, occupants absent."
INC-00341,KA-BLR-URB,KA-BLR-URB-ST05,CASE-00037,cybercrime,12.915106,77.506302,2025-12-24T16:15:00,Victim reported unauthorized transaction linked to bus stand IP.
INC-00342,KA-BLR-URB,KA-BLR-URB-ST06,CASE-00024,burglary,12.977559,77.653748,2026-06-05T11:00:00,"Forced entry via ATM kiosk, valuables removed, occupants absent."
INC-00343,KA-BLR-URB,KA-BLR-URB-ST05,,cybercrime,12.943599,77.650356,2026-04-03T12:45:00,Victim reported unauthorized transaction linked to main market IP.
INC-00344,KA-BLR-URB,KA-BLR-URB-ST05,CASE-00025,robbery,12.933014,77.638203,2026-02-18T23:30:00,"Suspect(s) threatened victim near parking lot, cash/valuables taken."
INC-00345,KA-BLR-URB,KA-BLR-URB-ST01,CASE-00056,burglary,12.931705,77.653279,2026-06-22T08:45:00,"Forced entry via parking lot, valuables removed, occupants absent."
INC-00346,KA-BLR-URB,KA-BLR-URB-ST05,CASE-00042,cybercrime,12.967209,77.616998,2025-10-04T16:15:00,Victim reported unauthorized transaction linked to bus stand IP.
INC-00347,KA-BLR-URB,KA-BLR-URB-ST02,,vehicle_theft,12.963082,77.549552,2026-04-04T19:00:00,"Vehicle taken from bus stand, no forced entry signs."
INC-00348,KA-BLR-URB,KA-BLR-URB-ST04,CASE-00009,vehicle_theft,12.950371,77.584037,2026-06-03T06:15:00,"Vehicle taken from ATM kiosk, no forced entry signs."
INC-00349,KA-BLR-URB,KA-BLR-URB-ST06,,theft,12.931032,77.590343,2026-06-20T01:15:00,"Item stolen from bus stand during afternoon, no witnesses reported."
INC-00350,KA-BLR-URB,KA-BLR-URB-ST05,,theft,12.926481,77.602792,2025-10-10T23:30:00,"Item stolen from bus stand during peak evening hours, no witnesses reported."
INC-00351,KA-BLR-URB,KA-BLR-URB-ST02,CASE-00044,robbery,12.94742,77.631324,2026-04-29T19:15:00,"Suspect(s) threatened victim near bus stand, cash/valuables taken."
INC-00352,KA-BLR-URB,KA-BLR-URB-ST05,CASE-00034,cybercrime,13.001716,77.558006,2025-11-05T07:45:00,Victim reported unauthorized transaction linked to bus stand IP.
INC-00353,KA-BLR-URB,KA-BLR-URB-ST04,,burglary,12.906065,77.581487,2025-12-16T19:00:00,"Forced entry via ATM kiosk, valuables removed, occupants absent."
INC-00354,KA-BLR-URB,KA-BLR-URB-ST01,,robbery,12.980611,77.537405,2026-06-04T21:15:00,"Suspect(s) threatened victim near parking lot, cash/valuables taken."
INC-00355,KA-BLR-URB,KA-BLR-URB-ST05,CASE-00052,vehicle_theft,12.903588,77.602272,2026-05-04T11:00:00,"Vehicle taken from parking lot, no forced entry signs."
INC-00356,KA-BLR-URB,KA-BLR-URB-ST03,,chain_snatching,13.018303,77.621754,2025-11-20T13:15:00,"Snatched near ATM kiosk, suspect fled on foot."
INC-00357,KA-BLR-URB,KA-BLR-URB-ST05,CASE-00008,theft,12.933115,77.589797,2026-04-28T08:15:00,"Item stolen from highway stretch during early morning, no witnesses reported."
INC-00358,KA-BLR-URB,KA-BLR-URB-ST02,,theft,12.969806,77.673185,2026-03-11T13:30:00,"Item stolen from bus stand during peak evening hours, no witnesses reported."
INC-00359,KA-BLR-URB,KA-BLR-URB-ST04,CASE-00051,vehicle_theft,12.948123,77.585718,2026-04-06T19:30:00,"Vehicle taken from ATM kiosk, no forced entry signs."
INC-00360,KA-BLR-URB,KA-BLR-URB-ST05,,robbery,13.007576,77.548219,2026-06-05T08:30:00,"Suspect(s) threatened victim near residential lane, cash/valuables taken."
INC-00361,KA-BLR-URB,KA-BLR-URB-ST06,,theft,12.988937,77.5422,2026-01-26T14:15:00,"Item stolen from bus stand during peak evening hours, no witnesses reported."
INC-00362,KA-BLR-URB,KA-BLR-URB-ST06,,vehicle_theft,12.918289,77.604192,2025-10-27T05:45:00,"Vehicle taken from main market, no forced entry signs."
INC-00363,KA-BLR-URB,KA-BLR-URB-ST01,,chain_snatching,13.008295,77.577525,2025-11-02T08:15:00,"Snatched near main market, suspect fled on foot."
INC-00364,KA-BLR-URB,KA-BLR-URB-ST06,CASE-00013,burglary,13.026199,77.520012,2026-06-24T09:00:00,"Forced entry via highway stretch, valuables removed, occupants absent."
INC-00365,KA-BLR-URB,KA-BLR-URB-ST05,,robbery,12.954245,77.56105,2026-02-24T06:00:00,"Suspect(s) threatened victim near parking lot, cash/valuables taken."
INC-00366,KA-BLR-URB,KA-BLR-URB-ST06,,chain_snatching,12.949437,77.60957,2025-10-01T05:00:00,"Snatched near ATM kiosk, suspect fled on foot."
INC-00367,KA-BLR-URB,KA-BLR-URB-ST01,CASE-00053,vehicle_theft,12.962545,77.648465,2025-11-05T02:30:00,"Vehicle taken from parking lot, no forced entry signs."
INC-00368,KA-BLR-URB,KA-BLR-URB-ST02,CASE-00036,chain_snatching,13.0016,77.60927,2026-05-21T12:00:00,"Snatched near bus stand, suspect fled on foot."
INC-00369,KA-BLR-URB,KA-BLR-URB-ST01,CASE-00050,vehicle_theft,12.97314,77.631009,2026-06-20T08:30:00,"Vehicle taken from ATM kiosk, no forced entry signs."
INC-00370,KA-BLR-URB,KA-BLR-URB-ST04,CASE-00041,cybercrime,12.978388,77.567204,2026-05-24T18:00:00,Victim reported unauthorized transaction linked to main market IP.
INC-00371,KA-BLR-URB,KA-BLR-URB-ST06,,chain_snatching,12.968842,77.627405,2026-01-26T10:45:00,"Snatched near parking lot, suspect fled on foot."
INC-00372,KA-BLR-URB,KA-BLR-URB-ST04,CASE-00037,cybercrime,12.960003,77.690894,2026-03-25T02:15:00,Victim reported unauthorized transaction linked to residential lane IP.
INC-00373,KA-BLR-URB,KA-BLR-URB-ST06,,burglary,12.978823,77.620542,2026-01-06T15:15:00,"Forced entry via highway stretch, valuables removed, occupants absent."
INC-00374,KA-BLR-URB,KA-BLR-URB-ST02,,theft,12.976065,77.544848,2026-04-01T04:00:00,"Item stolen from main market during peak evening hours, no witnesses reported."
INC-00375,KA-BLR-URB,KA-BLR-URB-ST01,CASE-00049,cybercrime,12.999627,77.578263,2026-06-04T11:30:00,Victim reported unauthorized transaction linked to parking lot IP.
INC-00376,KA-BLR-URB,KA-BLR-URB-ST02,CASE-00026,cybercrime,13.015832,77.541405,2025-12-05T01:45:00,Victim reported unauthorized transaction linked to parking lot IP.
INC-00377,KA-BLR-URB,KA-BLR-URB-ST04,CASE-00014,chain_snatching,12.958208,77.607267,2025-12-01T22:45:00,"Snatched near highway stretch, suspect fled on foot."
INC-00378,KA-BLR-URB,KA-BLR-URB-ST03,,burglary,12.957519,77.615862,2026-02-10T05:30:00,"Forced entry via residential lane, valuables removed, occupants absent."
INC-00379,KA-BLR-URB,KA-BLR-URB-ST04,CASE-00037,chain_snatching,13.00719,77.633047,2026-01-16T13:30:00,"Snatched near ATM kiosk, suspect fled on foot."
INC-00380,KA-BLR-URB,KA-BLR-URB-ST02,,burglary,12.995459,77.662287,2025-11-21T23:30:00,"Forced entry via parking lot, valuables removed, occupants absent."
INC-00381,KA-BLR-URB,KA-BLR-URB-ST06,CASE-00058,burglary,12.999815,77.55545,2025-12-16T15:00:00,"Forced entry via ATM kiosk, valuables removed, occupants absent."
INC-00382,KA-BLR-URB,KA-BLR-URB-ST06,CASE-00045,chain_snatching,12.986034,77.618437,2026-03-11T15:30:00,"Snatched near parking lot, suspect fled on foot."
INC-00383,KA-BLR-URB,KA-BLR-URB-ST03,CASE-00024,cybercrime,12.885476,77.560282,2026-06-01T20:00:00,Victim reported unauthorized transaction linked to highway stretch IP.
INC-00384,KA-BLR-URB,KA-BLR-URB-ST03,CASE-00042,theft,12.956928,77.574636,2026-03-26T00:45:00,"Item stolen from residential lane during late night, no witnesses reported."
INC-00385,KA-BLR-URB,KA-BLR-URB-ST03,CASE-00019,vehicle_theft,12.873993,77.617223,2026-03-31T10:45:00,"Vehicle taken from ATM kiosk, no forced entry signs."
INC-00386,KA-BLR-URB,KA-BLR-URB-ST02,CASE-00021,theft,12.958057,77.62491,2026-03-22T13:45:00,"Item stolen from main market during late night, no witnesses reported."
INC-00387,KA-BLR-URB,KA-BLR-URB-ST03,CASE-00012,chain_snatching,12.984191,77.578201,2026-04-21T08:45:00,"Snatched near highway stretch, suspect fled on foot."
INC-00388,KA-BLR-URB,KA-BLR-URB-ST02,CASE-00005,burglary,13.013362,77.577084,2026-02-06T23:00:00,"Forced entry via bus stand, valuables removed, occupants absent."
INC-00389,KA-BLR-URB,KA-BLR-URB-ST01,CASE-00060,theft,12.997483,77.571917,2025-10-14T12:00:00,"Item stolen from residential lane during late night, no witnesses reported."
INC-00390,KA-BLR-URB,KA-BLR-URB-ST02,CASE-00043,burglary,12.91632,77.664189,2026-02-23T14:15:00,"Forced entry via parking lot, valuables removed, occupants absent."
INC-00391,KA-BLR-URB,KA-BLR-URB-ST04,,robbery,12.96353,77.57097,2026-05-28T17:30:00,"Suspect(s) threatened victim near ATM kiosk, cash/valuables taken."
INC-00392,KA-BLR-URB,KA-BLR-URB-ST05,,robbery,12.943077,77.597903,2026-05-22T20:45:00,"Suspect(s) threatened victim near highway stretch, cash/valuables taken."
INC-00393,KA-BLR-URB,KA-BLR-URB-ST01,CASE-00001,cybercrime,12.904912,77.58476,2026-05-15T09:30:00,Victim reported unauthorized transaction linked to residential lane IP.
INC-00394,KA-BLR-URB,KA-BLR-URB-ST02,,robbery,12.966238,77.595378,2026-03-26T09:45:00,"Suspect(s) threatened victim near main market, cash/valuables taken."
INC-00395,KA-BLR-URB,KA-BLR-URB-ST04,CASE-00057,theft,12.934382,77.579714,2026-02-27T19:15:00,"Item stolen from parking lot during afternoon, no witnesses reported."
INC-00396,KA-BLR-URB,KA-BLR-URB-ST02,,chain_snatching,12.90023,77.587124,2026-04-18T12:15:00,"Snatched near main market, suspect fled on foot."
INC-00397,KA-BLR-URB,KA-BLR-URB-ST05,CASE-00019,cybercrime,13.005512,77.622783,2026-02-17T09:30:00,Victim reported unauthorized transaction linked to bus stand IP.
INC-00398,KA-BLR-URB,KA-BLR-URB-ST04,CASE-00035,burglary,13.077711,77.609451,2026-02-17T22:45:00,"Forced entry via residential lane, valuables removed, occupants absent."
INC-00399,KA-BLR-URB,KA-BLR-URB-ST03,CASE-00001,vehicle_theft,12.935038,77.596076,2026-02-15T04:45:00,"Vehicle taken from main market, no forced entry signs."
INC-00400,KA-BLR-URB,KA-BLR-URB-ST03,CASE-00049,vehicle_theft,12.984562,77.590536,2026-06-13T11:45:00,"Vehicle taken from main market, no forced entry signs."
INC-00401,KA-BLR-URB,KA-BLR-URB-ST04,,burglary,12.981231,77.576615,2025-11-06T17:45:00,"Forced entry via bus stand, valuables removed, occupants absent."
INC-00402,KA-BLR-URB,KA-BLR-URB-ST06,CASE-00048,burglary,12.977985,77.54648,2026-02-05T12:45:00,"Forced entry via highway stretch, valuables removed, occupants absent."
INC-00403,KA-BLR-URB,KA-BLR-URB-ST02,,chain_snatching,12.952165,77.588342,2026-05-31T12:30:00,"Snatched near bus stand, suspect fled on foot."
INC-00404,KA-BLR-URB,KA-BLR-URB-ST04,,theft,12.975359,77.637122,2026-03-02T06:30:00,"Item stolen from highway stretch during late night, no witnesses reported."
INC-00405,KA-BLR-URB,KA-BLR-URB-ST01,,cybercrime,12.918099,77.564714,2025-12-25T08:00:00,Victim reported unauthorized transaction linked to bus stand IP.
INC-00406,KA-BLR-URB,KA-BLR-URB-ST06,CASE-00040,burglary,12.915822,77.684449,2025-12-19T11:00:00,"Forced entry via bus stand, valuables removed, occupants absent."
INC-00407,KA-BLR-URB,KA-BLR-URB-ST06,CASE-00015,vehicle_theft,12.950779,77.641308,2025-10-31T01:30:00,"Vehicle taken from bus stand, no forced entry signs."
INC-00408,KA-BLR-URB,KA-BLR-URB-ST06,CASE-00009,theft,12.97155,77.605954,2026-03-27T14:15:00,"Item stolen from highway stretch during peak evening hours, no witnesses reported."
INC-00409,KA-BLR-URB,KA-BLR-URB-ST06,CASE-00012,robbery,12.937544,77.585025,2026-05-13T17:30:00,"Suspect(s) threatened victim near highway stretch, cash/valuables taken."
INC-00410,KA-BLR-URB,KA-BLR-URB-ST04,CASE-00053,theft,12.968395,77.632726,2026-02-18T19:15:00,"Item stolen from parking lot during late night, no witnesses reported."
INC-00411,KA-BLR-URB,KA-BLR-URB-ST01,,theft,12.976099,77.658355,2026-06-17T12:15:00,"Item stolen from parking lot during afternoon, no witnesses reported."
INC-00412,KA-BLR-URB,KA-BLR-URB-ST06,CASE-00042,robbery,12.963731,77.610785,2026-04-17T06:45:00,"Suspect(s) threatened victim near bus stand, cash/valuables taken."
INC-00413,KA-BLR-URB,KA-BLR-URB-ST06,CASE-00013,burglary,13.01394,77.624858,2025-11-04T01:15:00,"Forced entry via main market, valuables removed, occupants absent."
INC-00414,KA-BLR-URB,KA-BLR-URB-ST04,,theft,13.054898,77.634357,2026-06-08T16:30:00,"Item stolen from residential lane during late night, no witnesses reported."
INC-00415,KA-BLR-URB,KA-BLR-URB-ST02,CASE-00057,vehicle_theft,12.93844,77.613944,2026-06-09T02:45:00,"Vehicle taken from main market, no forced entry signs."
INC-00416,KA-BLR-URB,KA-BLR-URB-ST06,,robbery,12.99622,77.607722,2025-10-30T19:30:00,"Suspect(s) threatened victim near main market, cash/valuables taken."
INC-00417,KA-BLR-URB,KA-BLR-URB-ST05,CASE-00043,robbery,12.972036,77.650647,2025-11-19T03:15:00,"Suspect(s) threatened victim near ATM kiosk, cash/valuables taken."
INC-00418,KA-BLR-URB,KA-BLR-URB-ST02,,vehicle_theft,12.959199,77.554244,2026-05-01T23:00:00,"Vehicle taken from parking lot, no forced entry signs."
INC-00419,KA-BLR-URB,KA-BLR-URB-ST01,CASE-00039,robbery,12.936682,77.607666,2025-12-25T05:45:00,"Suspect(s) threatened victim near residential lane, cash/valuables taken."
INC-00420,KA-BLR-URB,KA-BLR-URB-ST03,,vehicle_theft,12.946002,77.583875,2026-03-16T11:45:00,"Vehicle taken from ATM kiosk, no forced entry signs."
INC-00421,KA-BLR-URB,KA-BLR-URB-ST05,,cybercrime,13.025128,77.588846,2026-02-08T11:45:00,Victim reported unauthorized transaction linked to ATM kiosk IP.
INC-00422,KA-BLR-URB,KA-BLR-URB-ST05,,chain_snatching,13.045221,77.604701,2025-12-09T09:00:00,"Snatched near bus stand, suspect fled on foot."
INC-00423,KA-BLR-URB,KA-BLR-URB-ST06,CASE-00009,theft,12.963703,77.678206,2026-02-19T17:15:00,"Item stolen from main market during peak evening hours, no witnesses reported."
INC-00424,KA-BLR-URB,KA-BLR-URB-ST02,CASE-00014,theft,12.965269,77.530767,2026-01-28T08:30:00,"Item stolen from parking lot during peak evening hours, no witnesses reported."
INC-00425,KA-BLR-URB,KA-BLR-URB-ST04,CASE-00052,robbery,12.95725,77.587142,2025-12-28T15:00:00,"Suspect(s) threatened victim near highway stretch, cash/valuables taken."
INC-00426,KA-BLR-URB,KA-BLR-URB-ST01,,cybercrime,13.025383,77.520061,2026-03-21T11:45:00,Victim reported unauthorized transaction linked to main market IP.
INC-00427,KA-BLR-URB,KA-BLR-URB-ST06,CASE-00010,robbery,12.942875,77.649408,2026-04-14T01:30:00,"Suspect(s) threatened victim near main market, cash/valuables taken."
INC-00428,KA-BLR-URB,KA-BLR-URB-ST02,CASE-00019,cybercrime,12.976729,77.572548,2025-10-26T21:45:00,Victim reported unauthorized transaction linked to parking lot IP.
INC-00429,KA-BLR-URB,KA-BLR-URB-ST03,CASE-00033,robbery,12.914881,77.61936,2025-11-12T15:00:00,"Suspect(s) threatened victim near ATM kiosk, cash/valuables taken."
INC-00430,KA-BLR-URB,KA-BLR-URB-ST02,CASE-00048,cybercrime,12.942147,77.590078,2026-06-04T17:15:00,Victim reported unauthorized transaction linked to ATM kiosk IP.
INC-00431,KA-BLR-URB,KA-BLR-URB-ST03,CASE-00023,theft,12.985029,77.628825,2026-05-09T10:00:00,"Item stolen from highway stretch during peak evening hours, no witnesses reported."
INC-00432,KA-BLR-URB,KA-BLR-URB-ST06,,chain_snatching,12.887024,77.627802,2025-10-13T09:15:00,"Snatched near parking lot, suspect fled on foot."
INC-00433,KA-BLR-URB,KA-BLR-URB-ST02,CASE-00004,burglary,12.974033,77.650267,2026-01-11T21:30:00,"Forced entry via highway stretch, valuables removed, occupants absent."
INC-00434,KA-BLR-URB,KA-BLR-URB-ST02,CASE-00002,vehicle_theft,12.939293,77.651758,2026-02-25T00:30:00,"Vehicle taken from main market, no forced entry signs."
INC-00435,KA-BLR-URB,KA-BLR-URB-ST02,,robbery,12.952494,77.560729,2026-01-13T17:30:00,"Suspect(s) threatened victim near ATM kiosk, cash/valuables taken."
INC-00436,KA-BLR-URB,KA-BLR-URB-ST06,CASE-00045,burglary,12.961854,77.58568,2026-06-27T01:30:00,"Forced entry via main market, valuables removed, occupants absent."
INC-00437,KA-BLR-URB,KA-BLR-URB-ST06,,vehicle_theft,13.051432,77.604216,2025-10-05T02:45:00,"Vehicle taken from residential lane, no forced entry signs."
INC-00438,KA-BLR-URB,KA-BLR-URB-ST06,,robbery,12.917915,77.59979,2026-04-16T07:45:00,"Suspect(s) threatened victim near highway stretch, cash/valuables taken."
INC-00439,KA-BLR-URB,KA-BLR-URB-ST01,CASE-00060,robbery,12.936177,77.587978,2026-01-04T06:45:00,"Suspect(s) threatened victim near highway stretch, cash/valuables taken."
INC-00440,KA-BLR-URB,KA-BLR-URB-ST04,,vehicle_theft,12.981181,77.704861,2025-12-20T00:30:00,"Vehicle taken from residential lane, no forced entry signs."
INC-00441,KA-BLR-URB,KA-BLR-URB-ST05,CASE-00022,cybercrime,13.018318,77.559374,2026-02-19T01:30:00,Victim reported unauthorized transaction linked to main market IP.
INC-00442,KA-BLR-URB,KA-BLR-URB-ST01,CASE-00020,cybercrime,13.001753,77.575394,2026-04-14T16:15:00,Victim reported unauthorized transaction linked to bus stand IP.
INC-00443,KA-BLR-URB,KA-BLR-URB-ST05,,robbery,12.948953,77.652868,2025-12-07T06:15:00,"Suspect(s) threatened victim near parking lot, cash/valuables taken."
INC-00444,KA-BLR-URB,KA-BLR-URB-ST05,CASE-00036,vehicle_theft,12.909189,77.581486,2025-12-09T13:15:00,"Vehicle taken from parking lot, no forced entry signs."
INC-00445,KA-BLR-URB,KA-BLR-URB-ST02,CASE-00048,chain_snatching,13.049134,77.560333,2026-03-12T04:00:00,"Snatched near ATM kiosk, suspect fled on foot."
INC-00446,KA-BLR-URB,KA-BLR-URB-ST06,CASE-00040,theft,12.931115,77.558018,2026-02-18T04:15:00,"Item stolen from bus stand during late night, no witnesses reported."
INC-00447,KA-BLR-URB,KA-BLR-URB-ST05,CASE-00045,burglary,12.975599,77.573512,2026-01-27T19:15:00,"Forced entry via highway stretch, valuables removed, occupants absent."
INC-00448,KA-BLR-URB,KA-BLR-URB-ST05,CASE-00011,burglary,12.975173,77.604195,2026-05-29T22:30:00,"Forced entry via ATM kiosk, valuables removed, occupants absent."
INC-00449,KA-BLR-URB,KA-BLR-URB-ST01,,vehicle_theft,13.055351,77.631554,2026-02-16T13:15:00,"Vehicle taken from highway stretch, no forced entry signs."
INC-00450,KA-BLR-URB,KA-BLR-URB-ST04,CASE-00003,cybercrime,12.913506,77.547799,2026-06-08T22:30:00,Victim reported unauthorized transaction linked to bus stand IP.
INC-00451,KA-BLR-URB,KA-BLR-URB-ST06,CASE-00057,robbery,13.099365,77.62948,2026-03-10T12:00:00,"Suspect(s) threatened victim near main market, cash/valuables taken."
INC-00452,KA-BLR-URB,KA-BLR-URB-ST05,CASE-00029,robbery,12.944268,77.614977,2026-04-21T23:00:00,"Suspect(s) threatened victim near ATM kiosk, cash/valuables taken."
INC-00453,KA-BLR-URB,KA-BLR-URB-ST03,,chain_snatching,13.008314,77.5692,2026-05-25T05:45:00,"Snatched near parking lot, suspect fled on foot."
INC-00454,KA-BLR-URB,KA-BLR-URB-ST06,CASE-00021,burglary,12.947673,77.602227,2026-05-20T02:00:00,"Forced entry via parking lot, valuables removed, occupants absent."
INC-00455,KA-BLR-URB,KA-BLR-URB-ST05,,chain_snatching,12.985654,77.608399,2026-01-12T14:00:00,"Snatched near residential lane, suspect fled on foot."
INC-00456,KA-BLR-URB,KA-BLR-URB-ST04,CASE-00025,vehicle_theft,12.995162,77.60127,2026-04-04T02:45:00,"Vehicle taken from parking lot, no forced entry signs."
INC-00457,KA-BLR-URB,KA-BLR-URB-ST03,CASE-00020,burglary,12.958934,77.493515,2025-12-16T05:15:00,"Forced entry via highway stretch, valuables removed, occupants absent."
INC-00458,KA-BLR-URB,KA-BLR-URB-ST03,CASE-00032,burglary,13.002405,77.555098,2026-01-01T03:15:00,"Forced entry via main market, valuables removed, occupants absent."
INC-00459,KA-BLR-URB,KA-BLR-URB-ST01,CASE-00029,robbery,13.019155,77.620513,2026-06-10T07:15:00,"Suspect(s) threatened victim near highway stretch, cash/valuables taken."
INC-00460,KA-BLR-URB,KA-BLR-URB-ST02,CASE-00023,theft,13.047966,77.612539,2026-02-20T19:15:00,"Item stolen from bus stand during late night, no witnesses reported."
INC-00461,KA-BLR-URB,KA-BLR-URB-ST06,,theft,12.988901,77.622374,2026-03-02T10:00:00,"Item stolen from main market during peak evening hours, no witnesses reported."
INC-00462,KA-BLR-URB,KA-BLR-URB-ST06,CASE-00058,theft,12.960753,77.604923,2025-12-30T14:30:00,"Item stolen from main market during afternoon, no witnesses reported."
INC-00463,KA-BLR-URB,KA-BLR-URB-ST04,CASE-00027,burglary,12.910625,77.585081,2025-11-03T09:45:00,"Forced entry via main market, valuables removed, occupants absent."
INC-00464,KA-BLR-URB,KA-BLR-URB-ST05,CASE-00055,cybercrime,12.951787,77.639235,2025-10-30T03:00:00,Victim reported unauthorized transaction linked to highway stretch IP.
INC-00465,KA-BLR-URB,KA-BLR-URB-ST05,CASE-00012,robbery,12.993277,77.575163,2026-03-31T04:45:00,"Suspect(s) threatened victim near highway stretch, cash/valuables taken."
INC-00466,KA-BLR-URB,KA-BLR-URB-ST03,,theft,12.986246,77.647915,2026-01-08T00:00:00,"Item stolen from ATM kiosk during early morning, no witnesses reported."
INC-00467,KA-BLR-URB,KA-BLR-URB-ST04,CASE-00013,chain_snatching,12.96032,77.5661,2026-04-30T01:30:00,"Snatched near parking lot, suspect fled on foot."
INC-00468,KA-BLR-URB,KA-BLR-URB-ST01,CASE-00047,theft,12.879437,77.551992,2026-03-07T09:30:00,"Item stolen from main market during afternoon, no witnesses reported."
INC-00469,KA-BLR-URB,KA-BLR-URB-ST02,,vehicle_theft,12.94365,77.55826,2026-01-08T10:30:00,"Vehicle taken from ATM kiosk, no forced entry signs."
INC-00470,KA-BLR-URB,KA-BLR-URB-ST06,,cybercrime,12.951991,77.655807,2026-05-24T17:30:00,Victim reported unauthorized transaction linked to ATM kiosk IP.
INC-00471,KA-BLR-URB,KA-BLR-URB-ST03,CASE-00002,chain_snatching,12.950986,77.627468,2025-10-10T06:30:00,"Snatched near main market, suspect fled on foot."
INC-00472,KA-BLR-URB,KA-BLR-URB-ST05,,burglary,12.972205,77.532078,2025-12-24T18:45:00,"Forced entry via parking lot, valuables removed, occupants absent."
INC-00473,KA-BLR-URB,KA-BLR-URB-ST03,CASE-00054,theft,12.998188,77.586095,2025-10-17T08:45:00,"Item stolen from ATM kiosk during late night, no witnesses reported."
INC-00474,KA-BLR-URB,KA-BLR-URB-ST03,CASE-00002,theft,12.997911,77.511904,2025-12-29T03:30:00,"Item stolen from bus stand during early morning, no witnesses reported."
INC-00475,KA-BLR-URB,KA-BLR-URB-ST02,,vehicle_theft,13.021975,77.658127,2026-01-06T10:45:00,"Vehicle taken from parking lot, no forced entry signs."
INC-00476,KA-BLR-URB,KA-BLR-URB-ST05,CASE-00060,cybercrime,13.046307,77.615811,2025-12-07T06:00:00,Victim reported unauthorized transaction linked to ATM kiosk IP.
INC-00477,KA-BLR-URB,KA-BLR-URB-ST01,CASE-00049,theft,12.939471,77.672662,2026-03-20T14:00:00,"Item stolen from parking lot during afternoon, no witnesses reported."
INC-00478,KA-BLR-URB,KA-BLR-URB-ST03,,chain_snatching,12.956422,77.566523,2026-01-11T06:30:00,"Snatched near parking lot, suspect fled on foot."
INC-00479,KA-BLR-URB,KA-BLR-URB-ST02,CASE-00023,robbery,12.941311,77.584892,2026-02-18T03:00:00,"Suspect(s) threatened victim near parking lot, cash/valuables taken."
INC-00480,KA-BLR-URB,KA-BLR-URB-ST06,,burglary,12.94868,77.631356,2026-02-23T18:15:00,"Forced entry via main market, valuables removed, occupants absent."
INC-00481,KA-DKA-CST,KA-DKA-CST-ST02,CASE-00026,theft,12.889671,74.921091,2025-10-15T15:00:00,"Item stolen from ATM kiosk during early morning, no witnesses reported."
INC-00482,KA-DKA-CST,KA-DKA-CST-ST04,,burglary,12.871646,74.843303,2026-04-01T09:30:00,"Forced entry via highway stretch, valuables removed, occupants absent."
INC-00483,KA-DKA-CST,KA-DKA-CST-ST02,,theft,12.861072,74.844455,2025-11-17T22:45:00,"Item stolen from ATM kiosk during afternoon, no witnesses reported."
INC-00484,KA-DKA-CST,KA-DKA-CST-ST02,,chain_snatching,12.840435,74.829971,2026-01-23T04:30:00,"Snatched near ATM kiosk, suspect fled on foot."
INC-00485,KA-DKA-CST,KA-DKA-CST-ST03,CASE-00030,theft,12.885667,74.858221,2026-05-21T15:00:00,"Item stolen from ATM kiosk during early morning, no witnesses reported."
INC-00486,KA-DKA-CST,KA-DKA-CST-ST03,CASE-00042,cybercrime,12.895812,74.892786,2025-12-05T16:00:00,Victim reported unauthorized transaction linked to highway stretch IP.
INC-00487,KA-DKA-CST,KA-DKA-CST-ST04,CASE-00031,burglary,12.847627,74.900891,2026-04-24T18:45:00,"Forced entry via parking lot, valuables removed, occupants absent."
INC-00488,KA-DKA-CST,KA-DKA-CST-ST04,CASE-00043,robbery,12.938307,74.916824,2026-05-11T18:30:00,"Suspect(s) threatened victim near highway stretch, cash/valuables taken."
INC-00489,KA-DKA-CST,KA-DKA-CST-ST04,,chain_snatching,12.907559,74.955079,2025-11-28T18:45:00,"Snatched near parking lot, suspect fled on foot."
INC-00490,KA-DKA-CST,KA-DKA-CST-ST01,CASE-00053,chain_snatching,12.898546,74.914275,2025-11-25T21:45:00,"Snatched near ATM kiosk, suspect fled on foot."
INC-00491,KA-DKA-CST,KA-DKA-CST-ST01,CASE-00037,cybercrime,12.848915,74.887973,2025-12-15T21:15:00,Victim reported unauthorized transaction linked to parking lot IP.
INC-00492,KA-DKA-CST,KA-DKA-CST-ST03,,cybercrime,12.830518,74.857833,2026-03-03T18:30:00,Victim reported unauthorized transaction linked to highway stretch IP.
INC-00493,KA-DKA-CST,KA-DKA-CST-ST04,CASE-00036,chain_snatching,12.883825,74.852207,2025-12-05T09:00:00,"Snatched near parking lot, suspect fled on foot."
INC-00494,KA-DKA-CST,KA-DKA-CST-ST03,,vehicle_theft,12.862206,74.847553,2025-10-16T07:45:00,"Vehicle taken from parking lot, no forced entry signs."
INC-00495,KA-DKA-CST,KA-DKA-CST-ST04,CASE-00054,cybercrime,12.927062,74.851445,2026-01-17T21:15:00,Victim reported unauthorized transaction linked to bus stand IP.
INC-00496,KA-DKA-CST,KA-DKA-CST-ST02,,burglary,12.913126,74.935098,2026-02-25T21:15:00,"Forced entry via main market, valuables removed, occupants absent."
INC-00497,KA-DKA-CST,KA-DKA-CST-ST04,,vehicle_theft,12.844416,74.808147,2025-12-09T02:15:00,"Vehicle taken from ATM kiosk, no forced entry signs."
INC-00498,KA-DKA-CST,KA-DKA-CST-ST02,CASE-00012,robbery,12.866675,74.882453,2026-05-21T16:45:00,"Suspect(s) threatened victim near ATM kiosk, cash/valuables taken."
INC-00499,KA-DKA-CST,KA-DKA-CST-ST04,CASE-00003,cybercrime,12.822925,74.858976,2026-01-30T22:30:00,Victim reported unauthorized transaction linked to parking lot IP.
INC-00500,KA-DKA-CST,KA-DKA-CST-ST01,CASE-00006,burglary,12.825044,74.87391,2026-06-04T22:00:00,"Forced entry via highway stretch, valuables removed, occupants absent."
INC-00501,KA-DKA-CST,KA-DKA-CST-ST02,,vehicle_theft,12.904212,74.85711,2026-05-30T20:00:00,"Vehicle taken from highway stretch, no forced entry signs."
INC-00502,KA-DKA-CST,KA-DKA-CST-ST01,CASE-00052,robbery,12.864715,74.899996,2026-05-29T14:45:00,"Suspect(s) threatened victim near highway stretch, cash/valuables taken."
INC-00503,KA-DKA-CST,KA-DKA-CST-ST03,,robbery,12.856163,74.933244,2026-02-11T01:45:00,"Suspect(s) threatened victim near bus stand, cash/valuables taken."
INC-00504,KA-DKA-CST,KA-DKA-CST-ST01,,burglary,12.867206,74.898104,2026-02-24T15:00:00,"Forced entry via parking lot, valuables removed, occupants absent."
INC-00505,KA-DKA-CST,KA-DKA-CST-ST03,,vehicle_theft,12.866912,74.831811,2026-02-18T08:00:00,"Vehicle taken from main market, no forced entry signs."
INC-00506,KA-DKA-CST,KA-DKA-CST-ST03,CASE-00006,cybercrime,12.91421,74.871462,2025-12-29T08:15:00,Victim reported unauthorized transaction linked to bus stand IP.
INC-00507,KA-DKA-CST,KA-DKA-CST-ST02,,burglary,12.892039,74.918592,2026-06-11T13:45:00,"Forced entry via highway stretch, valuables removed, occupants absent."
INC-00508,KA-DKA-CST,KA-DKA-CST-ST03,CASE-00031,theft,12.852793,74.932947,2025-10-28T20:30:00,"Item stolen from main market during late night, no witnesses reported."
INC-00509,KA-DKA-CST,KA-DKA-CST-ST02,CASE-00028,cybercrime,12.946397,74.886283,2026-04-13T21:45:00,Victim reported unauthorized transaction linked to residential lane IP.
INC-00510,KA-DKA-CST,KA-DKA-CST-ST04,CASE-00035,robbery,12.816125,74.817231,2026-04-14T21:30:00,"Suspect(s) threatened victim near highway stretch, cash/valuables taken."
INC-00511,KA-DKA-CST,KA-DKA-CST-ST04,,chain_snatching,12.825796,74.916877,2026-02-17T10:30:00,"Snatched near main market, suspect fled on foot."
INC-00512,KA-DKA-CST,KA-DKA-CST-ST02,CASE-00001,vehicle_theft,12.84096,74.824931,2026-01-08T16:30:00,"Vehicle taken from highway stretch, no forced entry signs."
INC-00513,KA-DKA-CST,KA-DKA-CST-ST01,CASE-00019,vehicle_theft,12.870195,74.889372,2026-04-29T03:00:00,"Vehicle taken from ATM kiosk, no forced entry signs."
INC-00514,KA-DKA-CST,KA-DKA-CST-ST01,,robbery,12.918182,74.925552,2025-10-30T19:15:00,"Suspect(s) threatened victim near highway stretch, cash/valuables taken."
INC-00515,KA-DKA-CST,KA-DKA-CST-ST02,CASE-00030,theft,12.863246,74.869411,2026-04-11T21:15:00,"Item stolen from highway stretch during late night, no witnesses reported."
INC-00516,KA-DKA-CST,KA-DKA-CST-ST04,CASE-00004,chain_snatching,12.848088,74.900735,2026-02-19T13:30:00,"Snatched near bus stand, suspect fled on foot."
INC-00517,KA-DKA-CST,KA-DKA-CST-ST01,,cybercrime,12.880453,74.912301,2026-02-10T08:15:00,Victim reported unauthorized transaction linked to main market IP.
INC-00518,KA-DKA-CST,KA-DKA-CST-ST04,,burglary,12.866943,74.865401,2025-11-25T04:45:00,"Forced entry via parking lot, valuables removed, occupants absent."
INC-00519,KA-DKA-CST,KA-DKA-CST-ST01,CASE-00041,cybercrime,12.879558,74.88065,2025-11-06T18:30:00,Victim reported unauthorized transaction linked to main market IP.
INC-00520,KA-DKA-CST,KA-DKA-CST-ST04,CASE-00050,cybercrime,12.834683,74.882688,2026-02-14T04:30:00,Victim reported unauthorized transaction linked to parking lot IP.
INC-00521,KA-DKA-CST,KA-DKA-CST-ST01,CASE-00060,vehicle_theft,12.900281,74.879016,2026-01-24T00:45:00,"Vehicle taken from ATM kiosk, no forced entry signs."
INC-00522,KA-DKA-CST,KA-DKA-CST-ST03,CASE-00030,chain_snatching,12.87211,74.853074,2026-04-24T01:00:00,"Snatched near parking lot, suspect fled on foot."
INC-00523,KA-DKA-CST,KA-DKA-CST-ST02,CASE-00025,cybercrime,12.907735,74.852109,2025-12-30T17:00:00,Victim reported unauthorized transaction linked to highway stretch IP.
INC-00524,KA-DKA-CST,KA-DKA-CST-ST03,CASE-00002,vehicle_theft,12.861854,74.836714,2026-06-07T02:45:00,"Vehicle taken from bus stand, no forced entry signs."
INC-00525,KA-DKA-CST,KA-DKA-CST-ST04,,cybercrime,12.900486,74.883725,2026-04-18T02:30:00,Victim reported unauthorized transaction linked to parking lot IP.
INC-00526,KA-DKA-CST,KA-DKA-CST-ST03,,burglary,12.898638,74.850499,2025-10-22T12:00:00,"Forced entry via highway stretch, valuables removed, occupants absent."
INC-00527,KA-DKA-CST,KA-DKA-CST-ST02,CASE-00059,cybercrime,12.852009,74.863773,2025-11-06T01:15:00,Victim reported unauthorized transaction linked to highway stretch IP.
INC-00528,KA-DKA-CST,KA-DKA-CST-ST02,,chain_snatching,12.876492,74.870182,2025-10-08T05:00:00,"Snatched near main market, suspect fled on foot."
INC-00529,KA-DKA-CST,KA-DKA-CST-ST01,CASE-00054,theft,12.920195,74.874994,2025-11-28T15:15:00,"Item stolen from bus stand during peak evening hours, no witnesses reported."
INC-00530,KA-DKA-CST,KA-DKA-CST-ST03,CASE-00022,chain_snatching,12.894892,74.890917,2025-12-01T21:15:00,"Snatched near bus stand, suspect fled on foot."
INC-00531,KA-DKA-CST,KA-DKA-CST-ST04,CASE-00038,robbery,12.885101,74.88447,2025-12-26T22:30:00,"Suspect(s) threatened victim near bus stand, cash/valuables taken."
INC-00532,KA-DKA-CST,KA-DKA-CST-ST04,CASE-00006,theft,12.858289,74.837503,2025-12-20T00:45:00,"Item stolen from main market during early morning, no witnesses reported."
INC-00533,KA-DKA-CST,KA-DKA-CST-ST03,CASE-00018,vehicle_theft,12.836307,74.875634,2026-05-02T22:45:00,"Vehicle taken from bus stand, no forced entry signs."
INC-00534,KA-DKA-CST,KA-DKA-CST-ST02,,vehicle_theft,12.876566,74.850422,2025-10-20T19:15:00,"Vehicle taken from ATM kiosk, no forced entry signs."
INC-00535,KA-DKA-CST,KA-DKA-CST-ST01,,robbery,12.909838,74.877309,2026-01-29T06:00:00,"Suspect(s) threatened victim near main market, cash/valuables taken."
INC-00536,KA-DKA-CST,KA-DKA-CST-ST04,,burglary,12.907373,74.873183,2026-01-15T08:00:00,"Forced entry via main market, valuables removed, occupants absent."
INC-00537,KA-DKA-CST,KA-DKA-CST-ST02,CASE-00028,theft,12.869899,74.926768,2025-12-21T21:00:00,"Item stolen from highway stretch during afternoon, no witnesses reported."
INC-00538,KA-DKA-CST,KA-DKA-CST-ST04,,robbery,12.853815,74.882152,2025-10-23T03:00:00,"Suspect(s) threatened victim near bus stand, cash/valuables taken."
INC-00539,KA-DKA-CST,KA-DKA-CST-ST02,CASE-00008,cybercrime,12.863329,74.894045,2026-05-16T18:30:00,Victim reported unauthorized transaction linked to bus stand IP.
INC-00540,KA-DKA-CST,KA-DKA-CST-ST04,CASE-00028,theft,12.917174,74.940984,2026-01-11T12:15:00,"Item stolen from ATM kiosk during peak evening hours, no witnesses reported."
INC-00541,KA-DKA-CST,KA-DKA-CST-ST04,,burglary,12.892442,74.877172,2025-12-31T12:30:00,"Forced entry via ATM kiosk, valuables removed, occupants absent."
INC-00542,KA-DKA-CST,KA-DKA-CST-ST02,,chain_snatching,12.85056,74.885857,2025-10-17T22:00:00,"Snatched near bus stand, suspect fled on foot."
INC-00543,KA-DKA-CST,KA-DKA-CST-ST03,CASE-00036,vehicle_theft,12.878989,74.869398,2026-01-21T09:15:00,"Vehicle taken from parking lot, no forced entry signs."
INC-00544,KA-DKA-CST,KA-DKA-CST-ST04,,cybercrime,12.868124,74.855607,2026-01-19T18:45:00,Victim reported unauthorized transaction linked to residential lane IP.
INC-00545,KA-DKA-CST,KA-DKA-CST-ST03,CASE-00003,robbery,12.906713,74.889964,2026-05-11T18:15:00,"Suspect(s) threatened victim near bus stand, cash/valuables taken."
INC-00546,KA-DKA-CST,KA-DKA-CST-ST01,CASE-00016,cybercrime,12.918624,74.908402,2026-05-06T16:45:00,Victim reported unauthorized transaction linked to highway stretch IP.
INC-00547,KA-DKA-CST,KA-DKA-CST-ST04,CASE-00043,chain_snatching,12.852749,74.929509,2026-01-20T04:30:00,"Snatched near bus stand, suspect fled on foot."
INC-00548,KA-DKA-CST,KA-DKA-CST-ST01,,vehicle_theft,12.844734,74.907682,2026-05-21T14:15:00,"Vehicle taken from ATM kiosk, no forced entry signs."
INC-00549,KA-DKA-CST,KA-DKA-CST-ST01,CASE-00018,robbery,12.855584,74.837124,2025-11-06T12:30:00,"Suspect(s) threatened victim near main market, cash/valuables taken."
INC-00550,KA-DKA-CST,KA-DKA-CST-ST02,,vehicle_theft,12.894679,74.901019,2025-11-11T19:30:00,"Vehicle taken from main market, no forced entry signs."
INC-00551,KA-DKA-CST,KA-DKA-CST-ST01,CASE-00050,vehicle_theft,12.89669,74.970825,2026-04-06T11:15:00,"Vehicle taken from parking lot, no forced entry signs."
INC-00552,KA-DKA-CST,KA-DKA-CST-ST02,,vehicle_theft,12.872303,74.851368,2025-11-28T20:45:00,"Vehicle taken from parking lot, no forced entry signs."
INC-00553,KA-DKA-CST,KA-DKA-CST-ST03,CASE-00029,chain_snatching,12.829683,74.884124,2026-06-15T21:45:00,"Snatched near main market, suspect fled on foot."
INC-00554,KA-DKA-CST,KA-DKA-CST-ST01,,cybercrime,12.927396,74.860192,2026-05-29T22:30:00,Victim reported unauthorized transaction linked to parking lot IP.
INC-00555,KA-DKA-CST,KA-DKA-CST-ST01,CASE-00005,theft,12.891007,74.897592,2026-01-05T14:00:00,"Item stolen from ATM kiosk during late night, no witnesses reported."
INC-00556,KA-DKA-CST,KA-DKA-CST-ST02,CASE-00044,robbery,12.853159,74.876034,2026-06-12T04:15:00,"Suspect(s) threatened victim near highway stretch, cash/valuables taken."
INC-00557,KA-DKA-CST,KA-DKA-CST-ST03,CASE-00052,chain_snatching,12.879266,74.961013,2026-05-04T14:00:00,"Snatched near bus stand, suspect fled on foot."
INC-00558,KA-DKA-CST,KA-DKA-CST-ST03,CASE-00043,vehicle_theft,12.849319,74.820111,2026-04-29T18:30:00,"Vehicle taken from highway stretch, no forced entry signs."
INC-00559,KA-DKA-CST,KA-DKA-CST-ST04,CASE-00024,chain_snatching,12.926464,74.870151,2026-05-23T09:15:00,"Snatched near bus stand, suspect fled on foot."
INC-00560,KA-DKA-CST,KA-DKA-CST-ST01,,cybercrime,12.8506,74.968095,2025-12-15T11:30:00,Victim reported unauthorized transaction linked to bus stand IP.
INC-00561,KA-DKA-CST,KA-DKA-CST-ST02,CASE-00024,theft,12.887446,74.919881,2025-12-22T07:00:00,"Item stolen from residential lane during late night, no witnesses reported."
INC-00562,KA-DKA-CST,KA-DKA-CST-ST01,CASE-00008,chain_snatching,12.900089,74.864329,2026-03-12T11:15:00,"Snatched near ATM kiosk, suspect fled on foot."
INC-00563,KA-DKA-CST,KA-DKA-CST-ST04,,burglary,12.850277,74.948631,2025-12-14T14:30:00,"Forced entry via main market, valuables removed, occupants absent."
INC-00564,KA-DKA-CST,KA-DKA-CST-ST02,CASE-00036,vehicle_theft,12.875844,74.885605,2026-05-15T10:00:00,"Vehicle taken from ATM kiosk, no forced entry signs."
INC-00565,KA-DKA-CST,KA-DKA-CST-ST02,CASE-00015,chain_snatching,12.881413,74.824792,2026-05-17T11:00:00,"Snatched near main market, suspect fled on foot."
INC-00566,KA-DKA-CST,KA-DKA-CST-ST02,,vehicle_theft,12.8398,74.904435,2025-10-12T02:45:00,"Vehicle taken from highway stretch, no forced entry signs."
INC-00567,KA-DKA-CST,KA-DKA-CST-ST01,CASE-00001,vehicle_theft,12.863601,74.910883,2026-04-03T12:15:00,"Vehicle taken from ATM kiosk, no forced entry signs."
INC-00568,KA-DKA-CST,KA-DKA-CST-ST04,CASE-00052,vehicle_theft,12.860492,74.810097,2025-11-14T06:45:00,"Vehicle taken from ATM kiosk, no forced entry signs."
INC-00569,KA-DKA-CST,KA-DKA-CST-ST04,CASE-00056,burglary,12.840547,74.87583,2025-12-11T18:00:00,"Forced entry via bus stand, valuables removed, occupants absent."
INC-00570,KA-DKA-CST,KA-DKA-CST-ST04,CASE-00030,vehicle_theft,12.856476,74.826409,2025-11-15T00:45:00,"Vehicle taken from residential lane, no forced entry signs."
INC-00571,KA-DKA-CST,KA-DKA-CST-ST02,CASE-00053,chain_snatching,12.856109,74.922482,2026-01-11T05:45:00,"Snatched near parking lot, suspect fled on foot."
INC-00572,KA-DKA-CST,KA-DKA-CST-ST04,CASE-00041,theft,12.889338,74.848056,2026-05-26T07:00:00,"Item stolen from bus stand during afternoon, no witnesses reported."
INC-00573,KA-DKA-CST,KA-DKA-CST-ST03,CASE-00049,vehicle_theft,12.852054,74.986254,2026-05-02T05:45:00,"Vehicle taken from highway stretch, no forced entry signs."
INC-00574,KA-DKA-CST,KA-DKA-CST-ST01,,robbery,12.819565,74.888296,2026-04-04T18:45:00,"Suspect(s) threatened victim near ATM kiosk, cash/valuables taken."
INC-00575,KA-DKA-CST,KA-DKA-CST-ST01,CASE-00030,chain_snatching,12.883282,74.868149,2026-04-10T16:00:00,"Snatched near bus stand, suspect fled on foot."
INC-00576,KA-DKA-CST,KA-DKA-CST-ST02,CASE-00019,cybercrime,12.793422,74.866129,2025-10-28T08:30:00,Victim reported unauthorized transaction linked to highway stretch IP.
INC-00577,KA-DKA-CST,KA-DKA-CST-ST02,,robbery,12.85909,74.854709,2026-01-02T03:15:00,"Suspect(s) threatened victim near residential lane, cash/valuables taken."
INC-00578,KA-DKA-CST,KA-DKA-CST-ST03,CASE-00024,burglary,12.876484,74.846809,2025-11-19T17:30:00,"Forced entry via main market, valuables removed, occupants absent."
INC-00579,KA-DKA-CST,KA-DKA-CST-ST02,,robbery,12.822732,74.86223,2025-11-22T06:15:00,"Suspect(s) threatened victim near bus stand, cash/valuables taken."
INC-00580,KA-DKA-CST,KA-DKA-CST-ST01,CASE-00020,theft,12.863698,74.863599,2026-05-02T14:00:00,"Item stolen from bus stand during early morning, no witnesses reported."
INC-00581,KA-DKA-CST,KA-DKA-CST-ST04,,vehicle_theft,12.883161,74.892465,2026-06-25T10:15:00,"Vehicle taken from residential lane, no forced entry signs."
INC-00582,KA-DKA-CST,KA-DKA-CST-ST02,CASE-00049,burglary,12.873145,74.867495,2026-01-25T09:15:00,"Forced entry via bus stand, valuables removed, occupants absent."
INC-00583,KA-DKA-CST,KA-DKA-CST-ST04,CASE-00059,theft,12.870066,74.89294,2026-05-09T01:15:00,"Item stolen from main market during early morning, no witnesses reported."
INC-00584,KA-DKA-CST,KA-DKA-CST-ST01,,robbery,12.888682,74.884018,2025-11-19T03:15:00,"Suspect(s) threatened victim near bus stand, cash/valuables taken."
INC-00585,KA-DKA-CST,KA-DKA-CST-ST03,CASE-00005,robbery,12.905874,74.906142,2026-03-28T11:15:00,"Suspect(s) threatened victim near highway stretch, cash/valuables taken."
INC-00586,KA-DKA-CST,KA-DKA-CST-ST01,,chain_snatching,12.889127,74.894042,2026-06-28T06:15:00,"Snatched near bus stand, suspect fled on foot."
INC-00587,KA-DKA-CST,KA-DKA-CST-ST04,CASE-00023,cybercrime,12.905076,74.876495,2026-04-06T22:15:00,Victim reported unauthorized transaction linked to highway stretch IP.
INC-00588,KA-DKA-CST,KA-DKA-CST-ST02,CASE-00032,theft,12.874311,74.828689,2026-04-27T03:30:00,"Item stolen from ATM kiosk during early morning, no witnesses reported."
INC-00589,KA-DKA-CST,KA-DKA-CST-ST01,CASE-00048,theft,12.835687,74.964902,2025-11-12T10:45:00,"Item stolen from ATM kiosk during afternoon, no witnesses reported."
INC-00590,KA-DKA-CST,KA-DKA-CST-ST04,,chain_snatching,12.917677,74.843733,2026-01-24T17:45:00,"Snatched near ATM kiosk, suspect fled on foot."
INC-00591,KA-DKA-CST,KA-DKA-CST-ST03,CASE-00043,vehicle_theft,12.862818,74.865563,2025-12-31T00:45:00,"Vehicle taken from main market, no forced entry signs."
INC-00592,KA-DKA-CST,KA-DKA-CST-ST04,CASE-00013,vehicle_theft,12.846613,74.918644,2026-04-24T22:00:00,"Vehicle taken from bus stand, no forced entry signs."
INC-00593,KA-DKA-CST,KA-DKA-CST-ST04,,vehicle_theft,12.874782,74.83609,2025-12-02T07:45:00,"Vehicle taken from ATM kiosk, no forced entry signs."
INC-00594,KA-DKA-CST,KA-DKA-CST-ST04,CASE-00030,cybercrime,12.890011,74.896501,2026-04-01T15:45:00,Victim reported unauthorized transaction linked to parking lot IP.
INC-00595,KA-DKA-CST,KA-DKA-CST-ST04,,theft,12.862538,74.880691,2026-01-27T20:15:00,"Item stolen from main market during early morning, no witnesses reported."
INC-00596,KA-DKA-CST,KA-DKA-CST-ST02,,burglary,12.848894,74.846357,2026-04-14T19:30:00,"Forced entry via residential lane, valuables removed, occupants absent."
INC-00597,KA-DKA-CST,KA-DKA-CST-ST04,CASE-00035,vehicle_theft,12.833645,74.935558,2026-05-27T06:30:00,"Vehicle taken from ATM kiosk, no forced entry signs."
INC-00598,KA-DKA-CST,KA-DKA-CST-ST01,,cybercrime,12.861857,74.883787,2025-10-17T13:00:00,Victim reported unauthorized transaction linked to ATM kiosk IP.
INC-00599,KA-DKA-CST,KA-DKA-CST-ST02,CASE-00025,cybercrime,12.854305,74.881863,2026-03-05T22:15:00,Victim reported unauthorized transaction linked to ATM kiosk IP.
INC-00600,KA-DKA-CST,KA-DKA-CST-ST04,CASE-00038,robbery,12.915706,74.872195,2026-05-29T15:15:00,"Suspect(s) threatened victim near main market, cash/valuables taken."
INC-00601,KA-DKA-CST,KA-DKA-CST-ST03,CASE-00024,theft,12.83836,74.92522,2026-02-23T10:00:00,"Item stolen from parking lot during early morning, no witnesses reported."
INC-00602,KA-DKA-CST,KA-DKA-CST-ST01,CASE-00004,cybercrime,12.856993,74.859266,2026-03-24T12:00:00,Victim reported unauthorized transaction linked to residential lane IP.
INC-00603,KA-DKA-CST,KA-DKA-CST-ST03,CASE-00035,chain_snatching,12.853246,74.913497,2025-11-13T22:00:00,"Snatched near main market, suspect fled on foot."
INC-00604,KA-DKA-CST,KA-DKA-CST-ST04,CASE-00021,theft,12.846453,74.90364,2026-06-21T13:30:00,"Item stolen from highway stretch during peak evening hours, no witnesses reported."
INC-00605,KA-DKA-CST,KA-DKA-CST-ST01,CASE-00020,chain_snatching,12.84699,74.907605,2026-06-08T03:15:00,"Snatched near ATM kiosk, suspect fled on foot."
INC-00606,KA-DKA-CST,KA-DKA-CST-ST04,CASE-00037,chain_snatching,12.850825,74.894374,2025-11-08T17:15:00,"Snatched near residential lane, suspect fled on foot."
INC-00607,KA-DKA-CST,KA-DKA-CST-ST01,CASE-00023,chain_snatching,12.883994,74.834176,2025-11-18T18:30:00,"Snatched near main market, suspect fled on foot."
INC-00608,KA-DKA-CST,KA-DKA-CST-ST03,CASE-00026,vehicle_theft,12.869981,74.92072,2026-06-16T09:45:00,"Vehicle taken from parking lot, no forced entry signs."
INC-00609,KA-DKA-CST,KA-DKA-CST-ST02,,robbery,12.905516,74.810296,2025-10-10T20:15:00,"Suspect(s) threatened victim near ATM kiosk, cash/valuables taken."
INC-00610,KA-DKA-CST,KA-DKA-CST-ST03,CASE-00016,robbery,12.899972,74.921695,2026-05-11T18:00:00,"Suspect(s) threatened victim near bus stand, cash/valuables taken."
INC-00611,KA-DKA-CST,KA-DKA-CST-ST03,,theft,12.867388,74.907865,2026-05-11T13:30:00,"Item stolen from highway stretch during late night, no witnesses reported."
INC-00612,KA-DKA-CST,KA-DKA-CST-ST02,CASE-00002,cybercrime,12.872032,74.94304,2026-02-09T21:15:00,Victim reported unauthorized transaction linked to bus stand IP.
INC-00613,KA-DKA-CST,KA-DKA-CST-ST04,CASE-00018,cybercrime,12.88717,74.900086,2026-06-06T17:45:00,Victim reported unauthorized transaction linked to highway stretch IP.
INC-00614,KA-DKA-CST,KA-DKA-CST-ST03,CASE-00058,vehicle_theft,12.909379,74.903358,2025-12-30T20:00:00,"Vehicle taken from ATM kiosk, no forced entry signs."
INC-00615,KA-DKA-CST,KA-DKA-CST-ST01,CASE-00037,cybercrime,12.862756,74.803478,2026-04-27T11:00:00,Victim reported unauthorized transaction linked to highway stretch IP.
INC-00616,KA-DKA-CST,KA-DKA-CST-ST03,CASE-00038,robbery,12.865465,74.820442,2026-06-12T02:15:00,"Suspect(s) threatened victim near main market, cash/valuables taken."
INC-00617,KA-DKA-CST,KA-DKA-CST-ST02,,theft,12.846588,74.890079,2026-05-05T06:15:00,"Item stolen from bus stand during late night, no witnesses reported."
INC-00618,KA-DKA-CST,KA-DKA-CST-ST01,CASE-00031,vehicle_theft,12.835148,74.802436,2026-06-09T17:30:00,"Vehicle taken from main market, no forced entry signs."
INC-00619,KA-DKA-CST,KA-DKA-CST-ST02,,chain_snatching,12.828764,74.813084,2026-04-04T15:30:00,"Snatched near main market, suspect fled on foot."
INC-00620,KA-DKA-CST,KA-DKA-CST-ST02,,chain_snatching,12.853979,74.842721,2026-02-07T17:45:00,"Snatched near highway stretch, suspect fled on foot."
INC-00621,KA-KLB-NIP,KA-KLB-NIP-ST01,CASE-00053,cybercrime,17.33146,76.792325,2026-05-15T12:00:00,Victim reported unauthorized transaction linked to residential lane IP.
INC-00622,KA-KLB-NIP,KA-KLB-NIP-ST01,CASE-00006,vehicle_theft,17.382423,76.727863,2026-05-13T20:30:00,"Vehicle taken from ATM kiosk, no forced entry signs."
INC-00623,KA-KLB-NIP,KA-KLB-NIP-ST02,CASE-00023,theft,17.258662,76.872849,2026-04-30T10:45:00,"Item stolen from bus stand during afternoon, no witnesses reported."
INC-00624,KA-KLB-NIP,KA-KLB-NIP-ST03,,theft,17.336594,76.808148,2026-03-17T14:00:00,"Item stolen from highway stretch during late night, no witnesses reported."
INC-00625,KA-KLB-NIP,KA-KLB-NIP-ST02,CASE-00016,chain_snatching,17.198197,76.82073,2026-01-11T20:30:00,"Snatched near parking lot, suspect fled on foot."
INC-00626,KA-KLB-NIP,KA-KLB-NIP-ST03,,chain_snatching,17.350327,76.85726,2025-12-06T19:45:00,"Snatched near ATM kiosk, suspect fled on foot."
INC-00627,KA-KLB-NIP,KA-KLB-NIP-ST03,CASE-00057,theft,17.26165,76.900395,2026-03-17T09:15:00,"Item stolen from ATM kiosk during afternoon, no witnesses reported."
INC-00628,KA-KLB-NIP,KA-KLB-NIP-ST03,,robbery,17.362502,76.82892,2026-01-23T00:00:00,"Suspect(s) threatened victim near highway stretch, cash/valuables taken."
INC-00629,KA-KLB-NIP,KA-KLB-NIP-ST03,CASE-00024,robbery,17.360832,76.891033,2025-12-26T01:45:00,"Suspect(s) threatened victim near ATM kiosk, cash/valuables taken."
INC-00630,KA-KLB-NIP,KA-KLB-NIP-ST01,CASE-00014,vehicle_theft,17.366012,76.926937,2026-06-27T13:45:00,"Vehicle taken from ATM kiosk, no forced entry signs."
INC-00631,KA-KLB-NIP,KA-KLB-NIP-ST02,,cybercrime,17.197547,76.73818,2026-02-25T23:45:00,Victim reported unauthorized transaction linked to bus stand IP.
INC-00632,KA-KLB-NIP,KA-KLB-NIP-ST02,CASE-00017,cybercrime,17.334687,76.888827,2026-01-05T13:15:00,Victim reported unauthorized transaction linked to bus stand IP.
INC-00633,KA-KLB-NIP,KA-KLB-NIP-ST01,CASE-00021,theft,17.379387,76.826238,2026-04-08T18:45:00,"Item stolen from main market during peak evening hours, no witnesses reported."
INC-00634,KA-KLB-NIP,KA-KLB-NIP-ST01,CASE-00036,vehicle_theft,17.371656,76.850532,2026-04-15T22:45:00,"Vehicle taken from parking lot, no forced entry signs."
INC-00635,KA-KLB-NIP,KA-KLB-NIP-ST01,CASE-00026,theft,17.317056,76.810862,2026-05-30T11:00:00,"Item stolen from residential lane during peak evening hours, no witnesses reported."
INC-00636,KA-KLB-NIP,KA-KLB-NIP-ST03,,chain_snatching,17.348845,76.815839,2025-10-22T18:15:00,"Snatched near bus stand, suspect fled on foot."
INC-00637,KA-KLB-NIP,KA-KLB-NIP-ST02,,theft,17.195058,76.834968,2026-05-10T04:30:00,"Item stolen from residential lane during early morning, no witnesses reported."
INC-00638,KA-KLB-NIP,KA-KLB-NIP-ST02,CASE-00028,chain_snatching,17.363709,76.807114,2026-04-03T13:30:00,"Snatched near parking lot, suspect fled on foot."
INC-00639,KA-KLB-NIP,KA-KLB-NIP-ST02,CASE-00012,theft,17.367539,76.842974,2025-12-17T17:45:00,"Item stolen from bus stand during late night, no witnesses reported."
INC-00640,KA-KLB-NIP,KA-KLB-NIP-ST03,CASE-00046,cybercrime,17.278375,76.81366,2026-05-28T13:00:00,Victim reported unauthorized transaction linked to main market IP.
INC-00641,KA-KLB-NIP,KA-KLB-NIP-ST01,CASE-00011,theft,17.329663,76.741316,2025-12-15T03:30:00,"Item stolen from bus stand during afternoon, no witnesses reported."
INC-00642,KA-KLB-NIP,KA-KLB-NIP-ST03,CASE-00005,robbery,17.331117,76.892993,2026-01-17T18:00:00,"Suspect(s) threatened victim near parking lot, cash/valuables taken."
INC-00643,KA-KLB-NIP,KA-KLB-NIP-ST01,CASE-00038,vehicle_theft,17.35107,76.824104,2026-03-18T00:30:00,"Vehicle taken from highway stretch, no forced entry signs."
INC-00644,KA-KLB-NIP,KA-KLB-NIP-ST02,CASE-00018,cybercrime,17.325222,76.83129,2025-12-18T00:00:00,Victim reported unauthorized transaction linked to highway stretch IP.
INC-00645,KA-KLB-NIP,KA-KLB-NIP-ST01,CASE-00004,burglary,17.327249,76.771411,2026-05-20T10:15:00,"Forced entry via main market, valuables removed, occupants absent."
INC-00646,KA-KLB-NIP,KA-KLB-NIP-ST03,,chain_snatching,17.344045,76.818135,2026-04-14T02:45:00,"Snatched near bus stand, suspect fled on foot."
INC-00647,KA-KLB-NIP,KA-KLB-NIP-ST01,CASE-00032,chain_snatching,17.355449,76.756879,2025-12-23T12:45:00,"Snatched near highway stretch, suspect fled on foot."
INC-00648,KA-KLB-NIP,KA-KLB-NIP-ST02,CASE-00057,chain_snatching,17.299541,76.859865,2025-12-07T11:00:00,"Snatched near parking lot, suspect fled on foot."
INC-00649,KA-KLB-NIP,KA-KLB-NIP-ST03,CASE-00028,chain_snatching,17.379762,76.867387,2026-05-05T02:45:00,"Snatched near parking lot, suspect fled on foot."
INC-00650,KA-KLB-NIP,KA-KLB-NIP-ST02,CASE-00028,cybercrime,17.408721,76.877215,2026-01-23T20:15:00,Victim reported unauthorized transaction linked to parking lot IP.
INC-00651,KA-KLB-NIP,KA-KLB-NIP-ST02,CASE-00004,burglary,17.223745,76.79914,2025-12-16T04:30:00,"Forced entry via parking lot, valuables removed, occupants absent."
INC-00652,KA-KLB-NIP,KA-KLB-NIP-ST03,,cybercrime,17.294961,76.818357,2025-11-25T16:45:00,Victim reported unauthorized transaction linked to main market IP.
INC-00653,KA-KLB-NIP,KA-KLB-NIP-ST02,CASE-00012,theft,17.338088,76.821603,2025-11-11T16:00:00,"Item stolen from highway stretch during peak evening hours, no witnesses reported."
INC-00654,KA-KLB-NIP,KA-KLB-NIP-ST02,CASE-00059,vehicle_theft,17.351934,76.81102,2026-03-02T10:45:00,"Vehicle taken from ATM kiosk, no forced entry signs."
INC-00655,KA-KLB-NIP,KA-KLB-NIP-ST01,CASE-00001,vehicle_theft,17.323236,76.839318,2025-11-10T23:30:00,"Vehicle taken from main market, no forced entry signs."
INC-00656,KA-BLR-URB,KA-BLR-URB-ST06,,robbery,12.942776,77.519314,2026-06-02T14:00:00,Suspect used a distinctive red helmet and disabled CCTV via spray paint before approaching victim near highway stretch.
INC-00657,KA-KLB-NIP,KA-KLB-NIP-ST03,,robbery,17.2304,76.742797,2026-06-07T09:00:00,Suspect used a distinctive red helmet and disabled CCTV via spray paint before approaching victim near residential lane.
